inl_tag,carpeta,pulsos_pot,beta,n,series,media,std,iqr,skew,kurtosis,shapiro_p
1e-2,beta_grid_search_SP_INL_1e-2_p_100,100,1.0,100,20,0.6461509,0.0042145513,0.005291655659675598,-0.1253036073049767,0.48428932672973124,0.8047367942316125
1e-2,beta_grid_search_SP_INL_1e-2_p_100,100,50.0,100,20,0.83202255,0.0031889835,0.004666686058044434,-0.3060047355125254,-0.34110141734739763,0.23568527938579326
1e-2,beta_grid_search_SP_INL_1e-2_p_100,100,100.0,100,20,0.8765117,0.0027911018,0.0033333301544189453,-0.46303901437119765,0.17570403802008494,0.05620274133191185
1e-2,beta_grid_search_SP_INL_1e-2_p_100,100,150.0,100,20,0.8943641,0.0027272839,0.0027499794960021973,-0.04819471308272812,0.4695207989839818,0.2888200696862945
1e-2,beta_grid_search_SP_INL_1e-2_p_100,100,200.0,100,20,0.90256166,0.0028627557,0.0031249672174453735,-0.4790837746805409,1.3931212256314058,0.026911961137535627
1e-2,beta_grid_search_SP_INL_1e-2_p_100,100,250.0,100,20,0.9064567,0.0027532587,0.0030624717473983765,-0.6359494299342078,1.3224988618805629,0.04665841661720393
1e-2,beta_grid_search_SP_INL_1e-2_p_100,100,300.0,100,20,0.9083549,0.0030609597,0.002958357334136963,-1.153884641521051,3.260507677866161,4.2712789380759015e-05
1e-2,beta_grid_search_SP_INL_1e-2_p_100,100,350.0,100,20,0.90906656,0.0037546465,0.005437523126602173,-0.7422970821311732,1.3372024309936892,0.00771428002204962
1e-2,beta_grid_search_SP_INL_1e-2_p_100,100,400.0,100,20,0.9084584,0.004529344,0.005541682243347168,-0.8732892933926755,1.1481668439663082,0.0008096403635016684
1e-2,beta_grid_search_SP_INL_1e-2_p_100,100,450.0,100,20,0.9081917,0.004541949,0.005166664719581604,-1.2851363297774754,2.8417578760122426,2.1804057375517135e-05
1e-2,beta_grid_search_SP_INL_1e-2_p_100,100,500.0,100,20,0.90664506,0.005648486,0.0066666752099990845,-0.8130417881211931,1.1582068493808153,0.005122123461646612
1e-2,beta_grid_search_SP_INL_1e-2_p_100,100,550.0,100,20,0.903995,0.0066189324,0.008874982595443726,-0.5810578980024251,-0.22094134618596506,0.00396906297845443
1e-2,beta_grid_search_SP_INL_1e-2_p_100,100,600.0,100,20,0.90059173,0.0072582215,0.011354178190231323,-0.17978345246044447,-0.8514226092616224,0.06291148341313804
1e-2,beta_grid_search_SP_INL_1e-2_p_100,100,650.0,100,20,0.89700586,0.008868926,0.014541685581207275,-0.012030494986192799,-0.8289750652494803,0.20304869973521272
1e-2,beta_grid_search_SP_INL_1e-2_p_100,100,700.0,100,20,0.8925667,0.009749437,0.01472918689250946,-0.331793482436877,-0.5944240233850882,0.03706895242143843
1e-2,beta_grid_search_SP_INL_1e-2_p_100,100,750.0,100,20,0.88676995,0.011523011,0.018937498331069946,-0.16792940982721483,-0.9195051912747116,0.03367159801748653
1e-2,beta_grid_search_SP_INL_1e-2_p_100,100,800.0,100,20,0.8802733,0.014724156,0.023958325386047363,0.10989430898366279,-0.971739454946746,0.008025050143475272
1e-2,beta_grid_search_SP_INL_1e-2_p_100,100,850.0,100,20,0.8724516,0.015905932,0.020041704177856445,-0.1399680183886119,-0.4956909881863556,0.2524877269907514
1e-2,beta_grid_search_SP_INL_1e-2_p_100,100,900.0,100,20,0.8633366,0.019846246,0.02510419487953186,-0.013949781338505173,-0.46055201625652487,0.08167121151573109
1e-2,beta_grid_search_SP_INL_1e-2_p_100,100,950.0,100,20,0.84935415,0.020073427,0.02889581024646759,-0.008635475812971534,-0.5158960917010078,0.5807143338787544
1e-2,beta_grid_search_SP_INL_1e-2_p_100,100,1000.0,100,20,0.8421125,0.02152043,0.02529163658618927,0.33644261349204646,0.10038484930624092,0.11723329639402491
1e-2,beta_grid_search_SP_INL_1e-2_p_100,100,1050.0,100,20,0.82668746,0.027242959,0.037895843386650085,0.39794319092447683,-0.028611432742313703,0.11671488265439817
1e-2,beta_grid_search_SP_INL_1e-2_p_100,100,1100.0,100,20,0.81733835,0.025568625,0.035374969244003296,0.2120272605168881,-0.09734214749028647,0.6111917153640628
1e-2,beta_grid_search_SP_INL_1e-2_p_100,100,1150.0,100,20,0.80548406,0.023366727,0.03368750214576721,0.24652172430276142,-0.060360436234203174,0.4728606159178617
1e-2,beta_grid_search_SP_INL_1e-2_p_100,100,1200.0,100,20,0.79644585,0.024556221,0.025479182600975037,0.46105081863059666,0.9277159136274231,0.018747469047774832
1e-2,beta_grid_search_SP_INL_1e-2_p_100,100,1250.0,100,20,0.7936724,0.023125289,0.028729185461997986,0.5081246250250605,0.9604094463102681,0.07986973823970799
1e-2,beta_grid_search_SP_INL_1e-2_p_100,100,1300.0,100,20,0.77688414,0.024091508,0.028104156255722046,-0.21325778863458741,0.10646049240684397,0.8387879757073309
1e-2,beta_grid_search_SP_INL_1e-2_p_100,100,1350.0,100,20,0.77188414,0.025888273,0.027187511324882507,-0.060641885267953125,0.40576863466219537,0.23984867332307652
1e-2,beta_grid_search_SP_INL_1e-2_p_100,100,1400.0,100,20,0.7679042,0.025122203,0.03564581274986267,0.41135934688311826,0.9284271177062551,0.0719650835189741
1e-2,beta_grid_search_SP_INL_1e-2_p_100,100,1450.0,100,20,0.76017,0.026721353,0.033854201436042786,0.5416164538536516,1.3411043823928397,0.06028120655083412
1e-2,beta_grid_search_SP_INL_1e-2_p_100,100,1500.0,100,20,0.7567883,0.027416784,0.02937498688697815,0.6867822308158151,2.789848459832773,0.0017015107575009466
1e-2,beta_grid_search_SP_INL_1e-2_p_100,100,1550.0,100,20,0.75198257,0.027042307,0.03352080285549164,0.11424702599775738,-0.180643673167443,0.769235397414091
1e-2,beta_grid_search_SP_INL_1e-2_p_100,100,1600.0,100,20,0.7455009,0.026375594,0.031291648745536804,0.9579906407618528,2.8972824424462553,0.0012064140068529085
1e-2,beta_grid_search_SP_INL_1e-2_p_100,100,1650.0,100,20,0.7365291,0.028971052,0.03760415315628052,0.24266499824751964,0.024673338173963444,0.6793349248564062
1e-2,beta_grid_search_SP_INL_1e-2_p_100,100,1700.0,100,20,0.7326483,0.027323646,0.032458335161209106,0.42340080657413376,1.0386331365590715,0.14772910811219236
1e-2,beta_grid_search_SP_INL_1e-2_p_100,100,1750.0,100,20,0.7296966,0.031742822,0.0337500125169754,0.35371713818477496,0.27480273457849025,0.15298107238531378
1e-2,beta_grid_search_SP_INL_1e-2_p_100,100,1800.0,100,20,0.7232517,0.027880212,0.03939582407474518,-0.557718972303082,0.2502703246332043,0.057262765273200664
1e-2,beta_grid_search_SP_INL_1e-2_p_100,100,1850.0,100,20,0.7202617,0.027559672,0.03358332812786102,-0.127916983364671,-0.22172454371359684,0.4336648840887328
1e-2,beta_grid_search_SP_INL_1e-2_p_100,100,1900.0,100,20,0.7201617,0.029932294,0.02974998950958252,0.9379034122580712,2.2675856488151753,0.000420474291633093
1e-2,beta_grid_search_SP_INL_1e-2_p_100,100,1950.0,100,20,0.71546423,0.02963306,0.03864583373069763,-0.3463773427677324,-0.1188311336449801,0.3564109607993683
1e-2,beta_grid_search_SP_INL_1e-2_p_200,200,1.0,100,20,0.64622915,0.0043270667,0.005937486886978149,-0.0690837130693489,0.4199979664625526,0.8588142168282511
1e-2,beta_grid_search_SP_INL_1e-2_p_200,200,50.0,100,20,0.8325901,0.0031056395,0.004104167222976685,-0.08701922745539072,-0.4808913699596866,0.6837329037457134
1e-2,beta_grid_search_SP_INL_1e-2_p_200,200,100.0,100,20,0.8772359,0.0028230927,0.0033541619777679443,-0.3512917649783183,-0.2690904056797816,0.25855547897669867
1e-2,beta_grid_search_SP_INL_1e-2_p_200,200,150.0,100,20,0.89573586,0.0025184245,0.003000020980834961,-0.06643019765508638,0.30481476093751114,0.614989581831614
1e-2,beta_grid_search_SP_INL_1e-2_p_200,200,200.0,100,20,0.90457654,0.0024759686,0.003104180097579956,0.08060801347499619,0.6707335379845509,0.46875177177247557
1e-2,beta_grid_search_SP_INL_1e-2_p_200,200,250.0,100,20,0.90886587,0.0025415719,0.003083348274230957,-0.03159238754238114,0.5773507293424252,0.58186896362382
1e-2,beta_grid_search_SP_INL_1e-2_p_200,200,300.0,100,20,0.91148585,0.002540719,0.003229185938835144,-0.2697854302282687,0.71132328887172,0.629943104377389
1e-2,beta_grid_search_SP_INL_1e-2_p_200,200,350.0,100,20,0.91318506,0.0025260043,0.003416717052459717,-0.2483229406048015,0.39427058709239793,0.6773148717288213
1e-2,beta_grid_search_SP_INL_1e-2_p_200,200,400.0,100,20,0.9142766,0.00253726,0.003145843744277954,-0.4212628571644995,1.0039276920747309,0.23868563132229326
1e-2,beta_grid_search_SP_INL_1e-2_p_200,200,450.0,100,20,0.9151116,0.0024070924,0.002895861864089966,-0.42254297069022806,0.8445007643151157,0.26946219095172486
1e-2,beta_grid_search_SP_INL_1e-2_p_200,200,500.0,100,20,0.9155916,0.0024739264,0.003500044345855713,-0.30788100695145215,0.45025001257559305,0.6805778892028664
1e-2,beta_grid_search_SP_INL_1e-2_p_200,200,550.0,100,20,0.9158909,0.002398225,0.0037083029747009277,-0.27408162224634386,0.18755175951206704,0.5045898949100969
1e-2,beta_grid_search_SP_INL_1e-2_p_200,200,600.0,100,20,0.9160475,0.0028506164,0.003791630268096924,-0.6573584175178014,1.034013096581484,0.04583252283489096
1e-2,beta_grid_search_SP_INL_1e-2_p_200,200,650.0,100,20,0.9161115,0.0028261994,0.003104180097579956,-0.5903607728868586,1.1334554359014497,0.06916184521445692
1e-2,beta_grid_search_SP_INL_1e-2_p_200,200,700.0,100,20,0.9159409,0.003059373,0.0040208399295806885,-0.363956573485883,0.10915179180166135,0.3811404333097086
1e-2,beta_grid_search_SP_INL_1e-2_p_200,200,750.0,100,20,0.9162667,0.002963254,0.0040000081062316895,-0.8018294565016899,1.033240681305962,0.006313939729878822
1e-2,beta_grid_search_SP_INL_1e-2_p_200,200,800.0,100,20,0.91601336,0.003166016,0.004124954342842102,-0.5973154099167683,0.6016918324709084,0.06751441474549626
1e-2,beta_grid_search_SP_INL_1e-2_p_200,200,850.0,100,20,0.91534257,0.0034496319,0.004187494516372681,-0.8284036279279099,1.2728262937388788,0.0019566158404584464
1e-2,beta_grid_search_SP_INL_1e-2_p_200,200,900.0,100,20,0.9155568,0.0035407834,0.004374980926513672,-0.4319373474598145,0.36784968075776403,0.43422791079443485
1e-2,beta_grid_search_SP_INL_1e-2_p_200,200,950.0,100,20,0.91446584,0.004255107,0.0059999823570251465,-0.45881631765596503,-0.1228995045481609,0.09038563282481987
1e-2,beta_grid_search_SP_INL_1e-2_p_200,200,1000.0,100,20,0.9146408,0.004066295,0.004604145884513855,-0.9751166592678702,2.4121179068056176,0.0007811673921908712
1e-2,beta_grid_search_SP_INL_1e-2_p_200,200,1050.0,100,20,0.91395247,0.004104458,0.005687505006790161,-0.3477822235103187,-0.23837809868747017,0.2984575582356058
1e-2,beta_grid_search_SP_INL_1e-2_p_200,200,1100.0,100,20,0.91329986,0.004862116,0.006104141473770142,-0.5365570868045972,0.7360197644836757,0.009805962737030922
1e-2,beta_grid_search_SP_INL_1e-2_p_200,200,1150.0,100,20,0.91239583,0.0041238954,0.005000054836273193,-0.5121027745462168,-0.01898692958409942,0.04967302474154811
1e-2,beta_grid_search_SP_INL_1e-2_p_200,200,1200.0,100,20,0.9114241,0.0057186917,0.005791664123535156,-1.172565423516672,2.7563120185886287,6.49045648520294e-05
1e-2,beta_grid_search_SP_INL_1e-2_p_200,200,1250.0,100,20,0.9107492,0.005885796,0.007895812392234802,-0.5490768654128415,-0.29524355743492414,0.009155871654445341
1e-2,beta_grid_search_SP_INL_1e-2_p_200,200,1300.0,100,20,0.9099667,0.0061300783,0.009249985218048096,-0.32928697666516843,-0.31051234114628556,0.23473904762568026
1e-2,beta_grid_search_SP_INL_1e-2_p_200,200,1350.0,100,20,0.9092709,0.00614338,0.008270829916000366,-0.8204007746215347,0.6146090132924216,0.0023115268198802895
1e-2,beta_grid_search_SP_INL_1e-2_p_200,200,1400.0,100,20,0.90825087,0.00759845,0.011312514543533325,-0.7810080480462748,-0.08917507530801183,8.193806629277886e-05
1e-2,beta_grid_search_SP_INL_1e-2_p_200,200,1450.0,100,20,0.9066717,0.008200614,0.01204170286655426,-0.7734094474933084,0.4235105840751219,0.0008065471762952072
1e-2,beta_grid_search_SP_INL_1e-2_p_200,200,1500.0,100,20,0.90298754,0.00847795,0.013437509536743164,-0.144404061656021,-0.923218597364555,0.027471490798636717
1e-2,beta_grid_search_SP_INL_1e-2_p_200,200,1550.0,100,20,0.9021334,0.010140997,0.016374975442886353,-0.40464152792370556,-0.866456253039726,0.002089653712220291
1e-2,beta_grid_search_SP_INL_1e-2_p_200,200,1600.0,100,20,0.8984167,0.011574497,0.016749992966651917,-0.6232547541198399,-0.23737284046665996,0.0010208995524682728
1e-2,beta_grid_search_SP_INL_1e-2_p_200,200,1650.0,100,20,0.8949467,0.010808887,0.013416662812232971,-0.2808052108707519,0.0030023350363586054,0.4423911391884753
1e-2,beta_grid_search_SP_INL_1e-2_p_200,200,1700.0,100,20,0.89135414,0.013257673,0.015041664242744446,-0.6830692638313969,1.1020529329759778,0.010730853327990834
1e-2,beta_grid_search_SP_INL_1e-2_p_200,200,1750.0,100,20,0.8875874,0.013236231,0.01689581573009491,-0.24467384450391066,-0.552365181500142,0.17904647474231578
1e-2,beta_grid_search_SP_INL_1e-2_p_200,200,1800.0,100,20,0.8850925,0.015349318,0.023125022649765015,-0.22040063404432192,-0.6123856500056952,0.10636845928179994
1e-2,beta_grid_search_SP_INL_1e-2_p_200,200,1850.0,100,20,0.88250166,0.014812145,0.02183331549167633,-0.02433996277517205,-0.6747402586843423,0.07185861467796596
1e-2,beta_grid_search_SP_INL_1e-2_p_200,200,1900.0,100,20,0.87686574,0.01699878,0.02139584720134735,-0.06737073318682725,-0.15030628011465064,0.5819452021415685
1e-2,beta_grid_search_SP_INL_1e-2_p_200,200,1950.0,100,20,0.87281764,0.01725409,0.020083367824554443,-0.1516217019145242,0.08149218825575755,0.3432053404741787
1e-2,beta_grid_search_SP_INL_1e-2_p_50,50,1.0,100,20,0.64591086,0.004293821,0.005604177713394165,-0.19876366246086702,0.4409270941625256,0.6905656418853425
1e-2,beta_grid_search_SP_INL_1e-2_p_50,50,50.0,100,20,0.83086836,0.003578372,0.005020827054977417,-0.3927628639901371,-0.2863277033207279,0.07352547740987692
1e-2,beta_grid_search_SP_INL_1e-2_p_50,50,100.0,100,20,0.87420577,0.0034036878,0.0038125216960906982,-0.6524645964577177,0.49814842743530363,0.01512447792715338
1e-2,beta_grid_search_SP_INL_1e-2_p_50,50,150.0,100,20,0.88984495,0.0034309174,0.0037291496992111206,-0.6123693135215452,0.6479294327579095,0.04250510714704393
1e-2,beta_grid_search_SP_INL_1e-2_p_50,50,200.0,100,20,0.8945275,0.0053521106,0.006270810961723328,-1.2435117814409318,2.357599825008286,1.1902812879178442e-05
1e-2,beta_grid_search_SP_INL_1e-2_p_50,50,250.0,100,20,0.8946592,0.0069893417,0.00970834493637085,-0.6844211895320508,-0.24820735468796418,0.0006951291589118602
1e-2,beta_grid_search_SP_INL_1e-2_p_50,50,300.0,100,20,0.88399255,0.009377206,0.013729184865951538,-0.3520145072837285,-0.10911441416260592,0.4420666585957655
1e-2,beta_grid_search_SP_INL_1e-2_p_50,50,350.0,100,20,0.86500907,0.013317972,0.01741667091846466,-0.06819332766539997,-0.20640518463823554,0.8823849815196503
1e-2,beta_grid_search_SP_INL_1e-2_p_50,50,400.0,100,20,0.83065677,0.01948959,0.02364581823348999,0.03468934027343386,-0.06475622069336096,0.7829065438499074
1e-2,beta_grid_search_SP_INL_1e-2_p_50,50,450.0,100,20,0.79614747,0.019345628,0.024249985814094543,0.2122264194425513,-0.10853083284350262,0.7605770601451629
1e-2,beta_grid_search_SP_INL_1e-2_p_50,50,500.0,100,20,0.7651584,0.0230209,0.03206247091293335,-0.19793718794846696,-0.32683532398691106,0.8258218213200348
1e-2,beta_grid_search_SP_INL_1e-2_p_50,50,550.0,100,20,0.73632085,0.025132027,0.028166666626930237,-0.03311582797366621,0.5062168939102136,0.06095796663268356
1e-2,beta_grid_search_SP_INL_1e-2_p_50,50,600.0,100,20,0.70792747,0.027349878,0.03187499940395355,0.29630877917283294,-0.07065920116470892,0.35043669848951225
1e-2,beta_grid_search_SP_INL_1e-2_p_50,50,650.0,100,20,0.6792424,0.032145962,0.043895795941352844,-0.05533584930688108,-0.35903900914315345,0.2548833103828102
1e-2,beta_grid_search_SP_INL_1e-2_p_50,50,700.0,100,20,0.6554241,0.028403496,0.04208332300186157,-0.3566780072692048,-0.27443649369065914,0.19792992336695786
1e-2,beta_grid_search_SP_INL_1e-2_p_50,50,750.0,100,20,0.6403575,0.033220075,0.04760415852069855,-0.34180621693131985,-0.38357025256917554,0.07124280772556324
1e-2,beta_grid_search_SP_INL_1e-2_p_50,50,800.0,100,20,0.6188983,0.034593828,0.04491668939590454,0.024506183994729522,-0.5240581434064087,0.5660034291733353
1e-2,beta_grid_search_SP_INL_1e-2_p_50,50,850.0,100,20,0.6045784,0.03614027,0.052520811557769775,0.053348735502183074,-0.5257836047448712,0.6898763192496131
1e-2,beta_grid_search_SP_INL_1e-2_p_50,50,900.0,100,20,0.59043837,0.03758616,0.05599997937679291,-0.07056199999034925,-0.6314261198423923,0.3288889419661739
1e-2,beta_grid_search_SP_INL_1e-2_p_50,50,950.0,100,20,0.5757617,0.03843998,0.049562543630599976,0.16076094718159667,-0.4029148311719486,0.16896869841133777
1e-2,beta_grid_search_SP_INL_1e-2_p_50,50,1000.0,100,20,0.5691792,0.0407742,0.06183333694934845,0.04935024507071914,-0.7760287708240039,0.17440443046543935
1e-2,beta_grid_search_SP_INL_1e-2_p_50,50,1050.0,100,20,0.5611183,0.03877751,0.05143749713897705,-0.1961342462085022,-0.4730349165229235,0.21306514724046766
1e-2,beta_grid_search_SP_INL_1e-2_p_50,50,1100.0,100,20,0.5540417,0.042164538,0.058812499046325684,-0.00903092001879937,-0.6065261082331772,0.5212862944545373
1e-2,beta_grid_search_SP_INL_1e-2_p_50,50,1150.0,100,20,0.5435075,0.04036413,0.06024999916553497,-0.14449328477206994,-0.561505902600496,0.2646769303229339
1e-2,beta_grid_search_SP_INL_1e-2_p_50,50,1200.0,100,20,0.54051745,0.040575493,0.05279164016246796,0.09352592970877102,0.0024862004106762647,0.8042524526383097
1e-2,beta_grid_search_SP_INL_1e-2_p_50,50,1250.0,100,20,0.5342392,0.040082306,0.0562082976102829,-0.3149952637117013,-0.12280363550485252,0.556728006729621
1e-2,beta_grid_search_SP_INL_1e-2_p_50,50,1300.0,100,20,0.52898,0.04260907,0.05966666340827942,-0.43058895712716866,-0.20393164204739866,0.11690830120429357
1e-2,beta_grid_search_SP_INL_1e-2_p_50,50,1350.0,100,20,0.521755,0.04135997,0.06102084368467331,-0.5454850751321947,-0.2325666661582395,0.023545058065306556
1e-2,beta_grid_search_SP_INL_1e-2_p_50,50,1400.0,100,20,0.51754916,0.045398016,0.06710416078567505,-0.44563017445641007,-0.28440137801675736,0.07005357345929339
1e-2,beta_grid_search_SP_INL_1e-2_p_50,50,1450.0,100,20,0.50812,0.042032007,0.0690624937415123,-0.24041638036606358,-0.5057941308632041,0.21911339800982838
1e-2,beta_grid_search_SP_INL_1e-2_p_50,50,1500.0,100,20,0.50681996,0.0446238,0.06491667777299881,-0.3667926422605104,-0.11170074434389043,0.2471229323568223
1e-2,beta_grid_search_SP_INL_1e-2_p_50,50,1550.0,100,20,0.50635916,0.044376116,0.06274998188018799,-0.3508154271679366,-0.24932715239197512,0.21416753123124188
1e-2,beta_grid_search_SP_INL_1e-2_p_50,50,1600.0,100,20,0.5016367,0.04902924,0.06539583951234818,-0.2877054144040798,-0.2712971516229623,0.5259487539393711
1e-2,beta_grid_search_SP_INL_1e-2_p_50,50,1650.0,100,20,0.4983083,0.04691841,0.06352081149816513,-0.2978632680418331,-0.011581279924716803,0.5697795054816392
1e-2,beta_grid_search_SP_INL_1e-2_p_50,50,1700.0,100,20,0.49533245,0.04769582,0.0717083215713501,-0.21479709621428814,-0.2894616165256534,0.7179918175352815
1e-2,beta_grid_search_SP_INL_1e-2_p_50,50,1750.0,100,20,0.49145085,0.04781564,0.0649375170469284,-0.36331318372214777,-0.10974260960014437,0.3848553087207123
1e-2,beta_grid_search_SP_INL_1e-2_p_50,50,1800.0,100,20,0.49596,0.051519923,0.06445831060409546,-0.5368670763956283,0.1654853273933603,0.06077440755325571
1e-2,beta_grid_search_SP_INL_1e-2_p_50,50,1850.0,100,20,0.49108997,0.049754694,0.06095835566520691,-0.34909753057745013,-0.06378574056474973,0.5972020519231405
1e-2,beta_grid_search_SP_INL_1e-2_p_50,50,1900.0,100,20,0.48583415,0.04834331,0.06339581310749054,-0.35448924685937716,-0.11845869969230094,0.3549380773704828
1e-2,beta_grid_search_SP_INL_1e-2_p_50,50,1950.0,100,20,0.48423165,0.049357235,0.06983331590890884,-0.42096852738630963,-0.27228271096856904,0.15490371297889927
1e-3,beta_grid_search_SP_INL_1e-3_p_100,100,1.0,100,20,0.64604753,0.0048208702,0.0071041882038116455,-0.21181174636590816,0.23169404987709585,0.7360742983020095
1e-3,beta_grid_search_SP_INL_1e-3_p_100,100,50.0,100,20,0.83069915,0.003315589,0.004437491297721863,-0.14908844053845866,-0.5675483332851368,0.36753825070573465
1e-3,beta_grid_search_SP_INL_1e-3_p_100,100,100.0,100,20,0.87610406,0.0030141908,0.004187494516372681,0.23753587706877288,-0.3364862003418354,0.651124708878065
1e-3,beta_grid_search_SP_INL_1e-3_p_100,100,150.0,100,20,0.8951067,0.0027838582,0.004395812749862671,0.17386441197379962,-0.05742131610581058,0.3574630921390646
1e-3,beta_grid_search_SP_INL_1e-3_p_100,100,200.0,100,20,0.9044175,0.0027183145,0.003187507390975952,0.13455689188587,-0.06347361225437309,0.7854057539177319
1e-3,beta_grid_search_SP_INL_1e-3_p_100,100,250.0,100,20,0.9090084,0.0026274072,0.0031041204929351807,0.22672704433016655,0.06820381759295424,0.5906460972625058
1e-3,beta_grid_search_SP_INL_1e-3_p_100,100,300.0,100,20,0.9116116,0.0028515498,0.003750026226043701,-0.06821707648900627,0.1463683872141046,0.9570419486378932
1e-3,beta_grid_search_SP_INL_1e-3_p_100,100,350.0,100,20,0.91308427,0.0027477022,0.0033958256244659424,0.2362629715910008,0.03144357153114852,0.8063496464623094
1e-3,beta_grid_search_SP_INL_1e-3_p_100,100,400.0,100,20,0.9138492,0.0030324603,0.0040000081062316895,-0.21142041454310762,1.0031660707313703,0.3396657486883297
1e-3,beta_grid_search_SP_INL_1e-3_p_100,100,450.0,100,20,0.91437256,0.0029294807,0.0032916665077209473,0.3258954268951799,1.090003558628796,0.01713207996827646
1e-3,beta_grid_search_SP_INL_1e-3_p_100,100,500.0,100,20,0.91455185,0.0032227407,0.003979146480560303,-0.149944952282015,0.5705566029444276,0.3283058259785848
1e-3,beta_grid_search_SP_INL_1e-3_p_100,100,550.0,100,20,0.9143492,0.0032375513,0.004083350300788879,0.027630686972058515,-0.16930899262234478,0.6609044876744783
1e-3,beta_grid_search_SP_INL_1e-3_p_100,100,600.0,100,20,0.9143941,0.0035833213,0.005104169249534607,-0.2757925101394145,-0.4275658303660781,0.31418412780919464
1e-3,beta_grid_search_SP_INL_1e-3_p_100,100,650.0,100,20,0.91300833,0.0043323366,0.005437523126602173,-0.8679372389932528,1.7129629540897353,0.0026085198877823235
1e-3,beta_grid_search_SP_INL_1e-3_p_100,100,700.0,100,20,0.9128292,0.0051765074,0.004604130983352661,-2.1183252526909073,7.497612555766052,4.300627476314031e-09
1e-3,beta_grid_search_SP_INL_1e-3_p_100,100,750.0,100,20,0.9114992,0.0062104445,0.007124975323677063,-1.6805700519350937,4.795688484751552,3.0057015395956527e-07
1e-3,beta_grid_search_SP_INL_1e-3_p_100,100,800.0,100,20,0.90825826,0.008630113,0.010312482714653015,-1.0667746841996342,0.8462967103608845,1.0866266484830895e-05
1e-3,beta_grid_search_SP_INL_1e-3_p_100,100,850.0,100,20,0.9035008,0.010647704,0.014562472701072693,-0.7573262208118515,0.0034494923039893877,0.0004784754496553636
1e-3,beta_grid_search_SP_INL_1e-3_p_100,100,900.0,100,20,0.8976533,0.012207489,0.017979145050048828,-0.3094554601077016,-0.7916616410441457,0.013964309409401559
1e-3,beta_grid_search_SP_INL_1e-3_p_100,100,950.0,100,20,0.8889026,0.016451934,0.018833354115486145,-0.5115002762517943,0.19039797566179617,0.03302974026929896
1e-3,beta_grid_search_SP_INL_1e-3_p_100,100,1000.0,100,20,0.8845867,0.015684685,0.02093750238418579,-0.4867014794160145,1.0333678172183802,0.0039543929962222385
1e-3,beta_grid_search_SP_INL_1e-3_p_100,100,1050.0,100,20,0.88040495,0.01826062,0.01908332109451294,-0.769927922245422,0.4478256007156416,0.0013437885342257438
1e-3,beta_grid_search_SP_INL_1e-3_p_100,100,1100.0,100,20,0.8761683,0.018389713,0.021395832300186157,-0.4659482043582437,0.5084997135718972,0.04431003936687421
1e-3,beta_grid_search_SP_INL_1e-3_p_100,100,1150.0,100,20,0.86958337,0.018561719,0.021833360195159912,-0.7406998331171639,1.129605648921892,0.011537853766431457
1e-3,beta_grid_search_SP_INL_1e-3_p_100,100,1200.0,100,20,0.86970747,0.018310413,0.024770796298980713,-0.3393158825804029,0.11440858067108861,0.48449510995266576
1e-3,beta_grid_search_SP_INL_1e-3_p_100,100,1250.0,100,20,0.8726117,0.02088473,0.023958325386047363,-0.5976549193901624,1.2929357942301953,0.013917402951488253
1e-3,beta_grid_search_SP_INL_1e-3_p_100,100,1300.0,100,20,0.8635833,0.020000657,0.021791666746139526,-0.8594079141037795,0.676157107289324,0.0004816819566779314
1e-3,beta_grid_search_SP_INL_1e-3_p_100,100,1350.0,100,20,0.8595491,0.024705281,0.029666677117347717,-0.5705618722544078,0.16038691975925223,0.030880545010411136
1e-3,beta_grid_search_SP_INL_1e-3_p_100,100,1400.0,100,20,0.85859674,0.02454066,0.03339582681655884,-0.39869990370427155,0.3167365710664094,0.3941054356910761
1e-3,beta_grid_search_SP_INL_1e-3_p_100,100,1450.0,100,20,0.85477084,0.02358505,0.027208343148231506,-0.3281563027593036,0.33226179093914743,0.18234180702251723
1e-3,beta_grid_search_SP_INL_1e-3_p_100,100,1500.0,100,20,0.84570503,0.024461184,0.02739584445953369,-0.3343620649244099,1.1588889557667184,0.15847139285686163
1e-3,beta_grid_search_SP_INL_1e-3_p_100,100,1550.0,100,20,0.8394016,0.031175504,0.04141668975353241,-0.6427124796833847,0.44147393228452536,0.01896726608257164
1e-3,beta_grid_search_SP_INL_1e-3_p_100,100,1600.0,100,20,0.8374901,0.029438052,0.043354153633117676,-0.48151706676813166,-0.23582293159321122,0.05076555308132856
1e-3,beta_grid_search_SP_INL_1e-3_p_100,100,1650.0,100,20,0.8359392,0.03008893,0.03981254994869232,-0.5906073072566005,-0.19317846171531405,0.009041303564957186
1e-3,beta_grid_search_SP_INL_1e-3_p_100,100,1700.0,100,20,0.8345476,0.036606792,0.04493749141693115,-0.5559894209180902,0.22053106094272446,0.016914877672624614
1e-3,beta_grid_search_SP_INL_1e-3_p_100,100,1750.0,100,20,0.8265308,0.037842136,0.03677082061767578,-1.3253791422919738,2.8814429182561287,5.223098761308876e-06
1e-3,beta_grid_search_SP_INL_1e-3_p_100,100,1800.0,100,20,0.82310915,0.047416337,0.061770856380462646,-1.0906057310815291,1.1209983040939155,1.343251484391648e-05
1e-3,beta_grid_search_SP_INL_1e-3_p_100,100,1850.0,100,20,0.8191792,0.045226667,0.05554167926311493,-1.1286321043424086,2.3589575853170315,3.8074760816026765e-05
1e-3,beta_grid_search_SP_INL_1e-3_p_100,100,1900.0,100,20,0.81552833,0.046656344,0.05399996042251587,-0.9363638908451116,1.0852839398053122,0.00021204284572706053
1e-3,beta_grid_search_SP_INL_1e-3_p_100,100,1950.0,100,20,0.81443924,0.04911233,0.06262503564357758,-0.8494324069470212,1.4595461347888392,0.004449570222267859
1e-3,beta_grid_search_SP_INL_1e-3_p_200,200,1.0,100,20,0.64629334,0.0047556213,0.006666719913482666,-0.15578756937605123,0.2764832358105367,0.9249952149445752
1e-3,beta_grid_search_SP_INL_1e-3_p_200,200,50.0,100,20,0.8314059,0.0032638516,0.004000023007392883,-0.10530476589664815,-0.35174964209134263,0.8697750155391513
1e-3,beta_grid_search_SP_INL_1e-3_p_200,200,100.0,100,20,0.87677264,0.0028266395,0.003937453031539917,0.06129000663222195,-0.1897051826639058,0.9959181617494305
1e-3,beta_grid_search_SP_INL_1e-3_p_200,200,150.0,100,20,0.8961,0.0026933402,0.0036249756813049316,-0.055149651655265565,0.0077999033323412625,0.28143208425565924
1e-3,beta_grid_search_SP_INL_1e-3_p_200,200,200.0,100,20,0.9054992,0.002667521,0.0038124769926071167,0.1460588728132363,-0.14903511333245412,0.8378727660304088
1e-3,beta_grid_search_SP_INL_1e-3_p_200,200,250.0,100,20,0.91026247,0.0024828385,0.002937525510787964,0.11229634403477746,0.14820814986845132,0.8666782007796215
1e-3,beta_grid_search_SP_INL_1e-3_p_200,200,300.0,100,20,0.9133309,0.002469326,0.0031041353940963745,-0.04330027576250594,0.36453631248810003,0.8250583394607083
1e-3,beta_grid_search_SP_INL_1e-3_p_200,200,350.0,100,20,0.9150875,0.0024177935,0.003083348274230957,0.24162520373203372,0.3825102765829116,0.4163247756032138
1e-3,beta_grid_search_SP_INL_1e-3_p_200,200,400.0,100,20,0.9161933,0.002334802,0.003041684627532959,0.2885342338716776,-0.05124608809738529,0.4010730494702685
1e-3,beta_grid_search_SP_INL_1e-3_p_200,200,450.0,100,20,0.91697836,0.0022897765,0.0028541982173919678,0.3268957669793801,0.06150403422208939,0.32471824937298055
1e-3,beta_grid_search_SP_INL_1e-3_p_200,200,500.0,100,20,0.917495,0.0023060523,0.0027499794960021973,0.39938727949601727,0.3412617419344133,0.07122576872927368
1e-3,beta_grid_search_SP_INL_1e-3_p_200,200,550.0,100,20,0.9179367,0.002339581,0.0028541982173919678,0.47632329969108334,0.4626563164106896,0.14793593876240613
1e-3,beta_grid_search_SP_INL_1e-3_p_200,200,600.0,100,20,0.9180275,0.0024231488,0.002937525510787964,0.30615581430536176,-0.05383236499760091,0.33672248976385244
1e-3,beta_grid_search_SP_INL_1e-3_p_200,200,650.0,100,20,0.9180416,0.0024981045,0.00331251323223114,0.5940135658097043,0.20030970137386328,0.017941764642036468
1e-3,beta_grid_search_SP_INL_1e-3_p_200,200,700.0,100,20,0.91803575,0.002533508,0.003520876169204712,0.4325169299261455,0.31368046818623485,0.27614450568692683
1e-3,beta_grid_search_SP_INL_1e-3_p_200,200,750.0,100,20,0.91778666,0.0028382642,0.0035208165645599365,0.07617540841402988,0.5783367259839136,0.36268422217456253
1e-3,beta_grid_search_SP_INL_1e-3_p_200,200,800.0,100,20,0.91748595,0.002968126,0.004249989986419678,-0.1334274305300056,0.2723372501528192,0.8228455646452131
1e-3,beta_grid_search_SP_INL_1e-3_p_200,200,850.0,100,20,0.9174401,0.0029482094,0.0038125216960906982,-0.12058000321532224,0.12242098738177054,0.9633122651054565
1e-3,beta_grid_search_SP_INL_1e-3_p_200,200,900.0,100,20,0.91708493,0.0030853676,0.0038541853427886963,-0.15115868947347244,1.0369787239700283,0.22010442045192935
1e-3,beta_grid_search_SP_INL_1e-3_p_200,200,950.0,100,20,0.91695505,0.0032951387,0.003791630268096924,-0.13793929218383816,0.28480927003153234,0.8234899762077086
1e-3,beta_grid_search_SP_INL_1e-3_p_200,200,1000.0,100,20,0.91702574,0.0031411955,0.004291713237762451,0.012998913417912624,-0.0947710100752559,0.9754682517435973
1e-3,beta_grid_search_SP_INL_1e-3_p_200,200,1050.0,100,20,0.9166984,0.003424485,0.0045833587646484375,-0.2813410602541735,-0.07951639815184519,0.7309432974774199
1e-3,beta_grid_search_SP_INL_1e-3_p_200,200,1100.0,100,20,0.9157567,0.0035331275,0.004583299160003662,-0.09725886467874098,-0.07308135868254828,0.953806457411072
1e-3,beta_grid_search_SP_INL_1e-3_p_200,200,1150.0,100,20,0.9157333,0.003501581,0.005083322525024414,-0.29716936745640976,-0.15949473576805273,0.48851766990565204
1e-3,beta_grid_search_SP_INL_1e-3_p_200,200,1200.0,100,20,0.9151192,0.0034606012,0.004166662693023682,-0.0350202223428773,-0.06987830520005911,0.7894261262527846
1e-3,beta_grid_search_SP_INL_1e-3_p_200,200,1250.0,100,20,0.91488665,0.004199125,0.005229160189628601,-0.6759967450471897,0.2528726214752073,0.007697187101019291
1e-3,beta_grid_search_SP_INL_1e-3_p_200,200,1300.0,100,20,0.91379744,0.0044510555,0.005729168653488159,-0.5345542369752629,0.5115414220051231,0.10663713025258886
1e-3,beta_grid_search_SP_INL_1e-3_p_200,200,1350.0,100,20,0.9125249,0.0056411517,0.006645828485488892,-0.8557061260574598,0.5307636529746782,0.00039227348259193983
1e-3,beta_grid_search_SP_INL_1e-3_p_200,200,1400.0,100,20,0.91353846,0.004776933,0.0059999823570251465,-1.11514233897097,3.0800073434323743,0.00011089104984874053
1e-3,beta_grid_search_SP_INL_1e-3_p_200,200,1450.0,100,20,0.91198915,0.0054392843,0.0071250200271606445,-0.4809317585401318,0.07148778637246167,0.0709623471973991
1e-3,beta_grid_search_SP_INL_1e-3_p_200,200,1500.0,100,20,0.91099256,0.0055008163,0.007479161024093628,-0.49048349294892746,-0.2695970779525876,0.04562293669398695
1e-3,beta_grid_search_SP_INL_1e-3_p_200,200,1550.0,100,20,0.9099608,0.006102938,0.009687483310699463,-0.26543672502301835,-0.8207188270523393,0.04259951218135322
1e-3,beta_grid_search_SP_INL_1e-3_p_200,200,1600.0,100,20,0.9092034,0.006668817,0.008166670799255371,-0.8122951510992287,0.41020088270188015,0.0012478442169208282
1e-3,beta_grid_search_SP_INL_1e-3_p_200,200,1650.0,100,20,0.90878814,0.0066644615,0.008812516927719116,-0.6987294151015032,0.381516162570501,0.0014556393033764506
1e-3,beta_grid_search_SP_INL_1e-3_p_200,200,1700.0,100,20,0.9086524,0.0067956783,0.010479182004928589,-0.5825530510035374,-0.3736974879478625,0.0018131320105498998
1e-3,beta_grid_search_SP_INL_1e-3_p_200,200,1750.0,100,20,0.90626997,0.0070185554,0.008812472224235535,-0.47129197086939006,-0.13020937899518037,0.047119230543551514
1e-3,beta_grid_search_SP_INL_1e-3_p_200,200,1800.0,100,20,0.90474916,0.0084538795,0.011520832777023315,-0.7059080082914312,0.39821996904601464,0.0025399487077271085
1e-3,beta_grid_search_SP_INL_1e-3_p_200,200,1850.0,100,20,0.9052991,0.00858934,0.0104999840259552,-0.7317406844347325,0.272345754343315,0.0012929584964503176
1e-3,beta_grid_search_SP_INL_1e-3_p_200,200,1900.0,100,20,0.90233743,0.008984212,0.013458311557769775,-0.3603074833440123,-0.8614071466438249,0.003075885742089612
1e-3,beta_grid_search_SP_INL_1e-3_p_200,200,1950.0,100,20,0.9009408,0.00925226,0.014020845293998718,-0.24687927870276274,-0.5993999881965655,0.2413257612544169
1e-3,beta_grid_search_SP_INL_1e-3_p_50,50,1.0,100,20,0.64555913,0.0049411,0.007333338260650635,-0.2844312941205749,0.15369202863918208,0.3498752351385078
1e-3,beta_grid_search_SP_INL_1e-3_p_50,50,50.0,100,20,0.82937753,0.003464983,0.004687517881393433,-0.06886277967552736,-0.5681200411634744,0.6469048077299837
1e-3,beta_grid_search_SP_INL_1e-3_p_50,50,100.0,100,20,0.8743043,0.0033071446,0.004333376884460449,0.33953025657689334,-0.5489873570934685,0.04987767053005052
1e-3,beta_grid_search_SP_INL_1e-3_p_50,50,150.0,100,20,0.89246666,0.003422789,0.0041875094175338745,-0.05786905344123832,-0.21266487506106158,0.659582074734776
1e-3,beta_grid_search_SP_INL_1e-3_p_50,50,200.0,100,20,0.9009258,0.0035257386,0.0040208399295806885,0.15933241922918212,0.006652002951431868,0.8022002833718133
1e-3,beta_grid_search_SP_INL_1e-3_p_50,50,250.0,100,20,0.9046341,0.0037814109,0.004895836114883423,-0.08361861456166704,-0.08634796584541693,0.634166638693177
1e-3,beta_grid_search_SP_INL_1e-3_p_50,50,300.0,100,20,0.90624654,0.0043576094,0.005979165434837341,-0.37769406362671387,-0.19721104329466632,0.2012660111938201
1e-3,beta_grid_search_SP_INL_1e-3_p_50,50,350.0,100,20,0.90704256,0.0048653646,0.006874993443489075,-0.5090151428900324,-0.24247635372996745,0.020342480907454146
1e-3,beta_grid_search_SP_INL_1e-3_p_50,50,400.0,100,20,0.90760916,0.0047676917,0.006291687488555908,-0.8551944225610345,1.588116505093497,0.002223188175131411
1e-3,beta_grid_search_SP_INL_1e-3_p_50,50,450.0,100,20,0.9032983,0.014954572,0.008124962449073792,-3.1173206498229087,10.579522251353966,1.4880753498348105e-14
1e-3,beta_grid_search_SP_INL_1e-3_p_50,50,500.0,100,20,0.8785776,0.02866074,0.04658333957195282,-0.5556694534216464,-0.7823203482661816,1.2202142392174987e-05
1e-3,beta_grid_search_SP_INL_1e-3_p_50,50,550.0,100,20,0.8403875,0.033698495,0.04227086901664734,0.44293752383772844,-0.4164168132103385,0.007537634950024126
1e-3,beta_grid_search_SP_INL_1e-3_p_50,50,600.0,100,20,0.831,0.043005925,0.06093747913837433,0.041030229984103966,-0.8564485247942151,0.0369846339863751
1e-3,beta_grid_search_SP_INL_1e-3_p_50,50,650.0,100,20,0.82104325,0.050455183,0.0717291384935379,-0.13906356558150043,-0.6565972635206632,0.09818274643747983
1e-3,beta_grid_search_SP_INL_1e-3_p_50,50,700.0,100,20,0.8354708,0.05860646,0.0978749692440033,-0.4568413297517229,-0.7286356383955077,6.109380387898683e-05
1e-3,beta_grid_search_SP_INL_1e-3_p_50,50,750.0,100,20,0.8600733,0.057954714,0.07502080500125885,-1.1378960756088667,-0.03871547469539971,1.5986822697229946e-11
1e-3,beta_grid_search_SP_INL_1e-3_p_50,50,800.0,100,20,0.87948745,0.04606273,0.01000000536441803,-2.360368180199836,4.268736534333417,5.819738347599027e-16
1e-3,beta_grid_search_SP_INL_1e-3_p_50,50,850.0,100,20,0.88238835,0.04252463,0.007666647434234619,-3.8576454237524334,15.740714563240662,1.0124982217455794e-17
1e-3,beta_grid_search_SP_INL_1e-3_p_50,50,900.0,100,20,0.88532585,0.030263424,0.011125028133392334,-5.054028731506427,27.606513986870006,1.5817898567982723e-18
1e-3,beta_grid_search_SP_INL_1e-3_p_50,50,950.0,100,20,0.8754175,0.041443087,0.013958334922790527,-4.0699059283386365,17.803986780704236,1.1045312385630552e-17
1e-3,beta_grid_search_SP_INL_1e-3_p_50,50,1000.0,100,20,0.8733091,0.04185727,0.014041662216186523,-4.626766519022902,21.048295085377962,9.8470522232864e-19
1e-3,beta_grid_search_SP_INL_1e-3_p_50,50,1050.0,100,20,0.8719933,0.024883129,0.017729148268699646,-4.208416408319129,21.445001748277964,1.5518699575320705e-15
1e-3,beta_grid_search_SP_INL_1e-3_p_50,50,1100.0,100,20,0.8674308,0.02711945,0.017020806670188904,-4.823149591596822,27.456476412368083,2.3198652987467197e-16
1e-3,beta_grid_search_SP_INL_1e-3_p_50,50,1150.0,100,20,0.8639892,0.0128274625,0.015458300709724426,-0.0491731949537279,-0.1493374106684171,0.4286835131610479
1e-3,beta_grid_search_SP_INL_1e-3_p_50,50,1200.0,100,20,0.8561025,0.01928145,0.02193748950958252,-2.182775227661486,10.438173659482832,2.2933411548713872e-08
1e-3,beta_grid_search_SP_INL_1e-3_p_50,50,1250.0,100,20,0.85313994,0.0134366695,0.016208291053771973,0.11706264044898003,0.36225105303239147,0.17855030346770973
1e-3,beta_grid_search_SP_INL_1e-3_p_50,50,1300.0,100,20,0.84781754,0.01582926,0.01887497305870056,-0.6227528727964285,0.862078046097813,0.032419213214350436
1e-3,beta_grid_search_SP_INL_1e-3_p_50,50,1350.0,100,20,0.83637,0.016618608,0.02264586091041565,0.1373464425192052,-0.3257681892053359,0.5016091189354719
1e-3,beta_grid_search_SP_INL_1e-3_p_50,50,1400.0,100,20,0.83145845,0.024258334,0.024541690945625305,-2.9694430837962407,18.973967638275784,9.936549336260933e-11
1e-3,beta_grid_search_SP_INL_1e-3_p_50,50,1450.0,100,20,0.82566,0.028533038,0.025000035762786865,-3.708607741658341,22.869881115291975,1.9652278257573126e-12
1e-3,beta_grid_search_SP_INL_1e-3_p_50,50,1500.0,100,20,0.8088458,0.053114984,0.02943749725818634,-3.8928839862604523,16.454292468228488,3.865638466025357e-16
1e-3,beta_grid_search_SP_INL_1e-3_p_50,50,1550.0,100,20,0.8079817,0.04435568,0.026083320379257202,-4.127581870187602,18.880505578203888,4.287247945985762e-16
1e-3,beta_grid_search_SP_INL_1e-3_p_50,50,1600.0,100,20,0.78621,0.070728794,0.02904166281223297,-2.8010532141469158,7.578400125266672,5.0793953455009785e-15
1e-3,beta_grid_search_SP_INL_1e-3_p_50,50,1650.0,100,20,0.78479075,0.062193763,0.03974999487400055,-2.8168164842889967,8.353187124239,7.980394176692463e-14
1e-3,beta_grid_search_SP_INL_1e-3_p_50,50,1700.0,100,20,0.7689,0.073684074,0.043020814657211304,-2.048478376801022,3.4033019891851133,4.60185666219714e-13
1e-3,beta_grid_search_SP_INL_1e-3_p_50,50,1750.0,100,20,0.7556383,0.092294894,0.045041635632514954,-1.7489153629395158,1.7696818690033895,4.341904887049761e-13
1e-3,beta_grid_search_SP_INL_1e-3_p_50,50,1800.0,100,20,0.75033164,0.09187076,0.05545830726623535,-1.6334542835211436,1.3450952065197743,2.036546853279676e-12
1e-3,beta_grid_search_SP_INL_1e-3_p_50,50,1850.0,100,20,0.73923415,0.09507695,0.0715625137090683,-1.491852615841789,1.0070438363153436,2.0422887599018985e-11
1e-3,beta_grid_search_SP_INL_1e-3_p_50,50,1900.0,100,20,0.7237117,0.10164988,0.14556246995925903,-1.1072273447152188,-0.15644840781715885,4.910832363447833e-10
1e-3,beta_grid_search_SP_INL_1e-3_p_50,50,1950.0,100,20,0.71130097,0.11426813,0.187333345413208,-0.9617914479152524,-0.5523890075837712,5.353572795722747e-10
1e-4,beta_grid_search_SP_INL_1e-4_p_100,100,1.0,100,20,0.6458542,0.005112611,0.007312506437301636,-0.07052773735734,0.36562489268459686,0.5796050496599876
1e-4,beta_grid_search_SP_INL_1e-4_p_100,100,50.0,100,20,0.8301768,0.0032490264,0.004458308219909668,-0.19145851119920654,-0.27137007501363586,0.8499031110793394
1e-4,beta_grid_search_SP_INL_1e-4_p_100,100,100.0,100,20,0.87559247,0.002888793,0.004333332180976868,0.2583694763994964,-0.3507384025198159,0.5392808945600744
1e-4,beta_grid_search_SP_INL_1e-4_p_100,100,150.0,100,20,0.89478594,0.0027834864,0.0038541406393051147,0.03694275263070336,-0.3781450711379861,0.7057687399533463
1e-4,beta_grid_search_SP_INL_1e-4_p_100,100,200.0,100,20,0.9040817,0.0027859455,0.00397917628288269,-0.3020514006900574,0.359333179478742,0.3598626948206561
1e-4,beta_grid_search_SP_INL_1e-4_p_100,100,250.0,100,20,0.9088991,0.0026321237,0.003166675567626953,0.10694704897867532,0.008157562993687861,0.6306263425504058
1e-4,beta_grid_search_SP_INL_1e-4_p_100,100,300.0,100,20,0.91165507,0.0024550124,0.0032708346843719482,-0.24803536401886392,-0.2191113802736977,0.5458691478298274
1e-4,beta_grid_search_SP_INL_1e-4_p_100,100,350.0,100,20,0.9131318,0.002787992,0.003687530755996704,-0.0386679069764759,0.006569289932000455,0.9873479106628517
1e-4,beta_grid_search_SP_INL_1e-4_p_100,100,400.0,100,20,0.9132625,0.0029016195,0.00322917103767395,0.08245197087282005,0.4864737032673574,0.4232490347293492
1e-4,beta_grid_search_SP_INL_1e-4_p_100,100,450.0,100,20,0.9135992,0.0034059775,0.0036874711513519287,-1.036231172884664,4.849468648556102,2.6671659320443215e-05
1e-4,beta_grid_search_SP_INL_1e-4_p_100,100,500.0,100,20,0.91347593,0.003563308,0.0041250139474868774,-0.24783955065109364,0.22661083676416283,0.665333684714078
1e-4,beta_grid_search_SP_INL_1e-4_p_100,100,550.0,100,20,0.9130508,0.0035323186,0.005020886659622192,0.047302555295179044,-0.4433555646103593,0.661434093092932
1e-4,beta_grid_search_SP_INL_1e-4_p_100,100,600.0,100,20,0.91236585,0.004561202,0.005104169249534607,-0.66211980277651,1.6873246393691321,0.03679347523766955
1e-4,beta_grid_search_SP_INL_1e-4_p_100,100,650.0,100,20,0.91103166,0.0046600583,0.0059791505336761475,-0.8840739254102791,1.515027676865289,0.0017214553724490599
1e-4,beta_grid_search_SP_INL_1e-4_p_100,100,700.0,100,20,0.9096467,0.004729082,0.007208347320556641,-0.17541813607830423,-0.5259092779878425,0.36593880551856
1e-4,beta_grid_search_SP_INL_1e-4_p_100,100,750.0,100,20,0.9091492,0.0056830235,0.008395880460739136,-0.05554988906852282,-0.709378099656444,0.3920988405191204
1e-4,beta_grid_search_SP_INL_1e-4_p_100,100,800.0,100,20,0.90571004,0.006781146,0.00881245732307434,-0.7185280272588485,0.4219767722793093,0.0077713434385991926
1e-4,beta_grid_search_SP_INL_1e-4_p_100,100,850.0,100,20,0.905605,0.006306626,0.008875012397766113,-0.4517225855642524,-0.2720557196355613,0.05824955597355535
1e-4,beta_grid_search_SP_INL_1e-4_p_100,100,900.0,100,20,0.901855,0.007338791,0.011145815253257751,-0.3061529791764827,-0.2389056705481254,0.29167024522696744
1e-4,beta_grid_search_SP_INL_1e-4_p_100,100,950.0,100,20,0.8987758,0.008981969,0.01214580237865448,-0.3824330116881093,-0.14560591925736022,0.27132605210762084
1e-4,beta_grid_search_SP_INL_1e-4_p_100,100,1000.0,100,20,0.8984208,0.009573631,0.013875007629394531,-0.7711902900598543,0.42483997034739174,0.002099873921723291
1e-4,beta_grid_search_SP_INL_1e-4_p_100,100,1050.0,100,20,0.8950375,0.010792592,0.016833320260047913,-0.19827059831946503,-0.9131592346283082,0.01626592376881815
1e-4,beta_grid_search_SP_INL_1e-4_p_100,100,1100.0,100,20,0.89244825,0.012550324,0.016916662454605103,-0.6454737374971501,-0.14702176823842938,0.0026622027743185513
1e-4,beta_grid_search_SP_INL_1e-4_p_100,100,1150.0,100,20,0.8899224,0.013979564,0.022500038146972656,-0.2803294929062421,-0.9163528472756588,0.012511996170399076
1e-4,beta_grid_search_SP_INL_1e-4_p_100,100,1200.0,100,20,0.8886116,0.014634092,0.018791690468788147,-0.7642034306745482,-0.06605884085956104,0.00012428150833570202
1e-4,beta_grid_search_SP_INL_1e-4_p_100,100,1250.0,100,20,0.8852124,0.016728347,0.029874995350837708,-0.33391294729082177,-1.0371581813914619,0.00026635769661096856
1e-4,beta_grid_search_SP_INL_1e-4_p_100,100,1300.0,100,20,0.88207495,0.01689814,0.028458312153816223,-0.24527951997793188,-0.9225684835442651,0.01361375824922332
1e-4,beta_grid_search_SP_INL_1e-4_p_100,100,1350.0,100,20,0.87787664,0.017714327,0.026395827531814575,-0.15763837635172126,-0.6571186719508955,0.04889228869146977
1e-4,beta_grid_search_SP_INL_1e-4_p_100,100,1400.0,100,20,0.87732583,0.021249438,0.03604167699813843,-0.3145693065952886,-0.9153600711812087,0.004068013459048997
1e-4,beta_grid_search_SP_INL_1e-4_p_100,100,1450.0,100,20,0.87169594,0.019328373,0.03256252408027649,-0.14686611609669756,-1.0318240301484276,0.014051452821336954
1e-4,beta_grid_search_SP_INL_1e-4_p_100,100,1500.0,100,20,0.87280756,0.02179778,0.03966666758060455,-0.25038553292914184,-1.063806674566935,0.0006492074509481668
1e-4,beta_grid_search_SP_INL_1e-4_p_100,100,1550.0,100,20,0.8684618,0.021298423,0.030583307147026062,0.03135123341175133,-0.8796696550868845,0.10459881678654148
1e-4,beta_grid_search_SP_INL_1e-4_p_100,100,1600.0,100,20,0.8687025,0.021065809,0.03627084195613861,-0.20139745631564568,-0.9753184415351659,0.002782154222682845
1e-4,beta_grid_search_SP_INL_1e-4_p_100,100,1650.0,100,20,0.86362165,0.023979962,0.036624982953071594,-0.23546144263024485,-0.7393182164614038,0.11630850012489247
1e-4,beta_grid_search_SP_INL_1e-4_p_100,100,1700.0,100,20,0.85760987,0.027066285,0.04458335041999817,-0.2255331630462456,-0.5654720872637387,0.02150976429034218
1e-4,beta_grid_search_SP_INL_1e-4_p_100,100,1750.0,100,20,0.8520375,0.025385048,0.040270864963531494,0.2564898738550737,-0.8943896711978203,0.009391592788846834
1e-4,beta_grid_search_SP_INL_1e-4_p_100,100,1800.0,100,20,0.851595,0.030711131,0.04581248760223389,-0.42200883396233646,-0.4154648604907569,0.04365324702302225
1e-4,beta_grid_search_SP_INL_1e-4_p_100,100,1850.0,100,20,0.84914833,0.029902644,0.04520834982395172,-0.34266901577686737,-0.7625667079307923,0.015633344802129863
1e-4,beta_grid_search_SP_INL_1e-4_p_100,100,1900.0,100,20,0.8398651,0.03302694,0.050104185938835144,-0.37671613985491237,-0.6065965603679193,0.011939030746939696
1e-4,beta_grid_search_SP_INL_1e-4_p_100,100,1950.0,100,20,0.83968073,0.032580514,0.05568750202655792,-0.04316924043407741,-1.128899107173653,0.002329950119157715
1e-4,beta_grid_search_SP_INL_1e-4_p_200,200,1.0,100,20,0.64609253,0.0050138542,0.0071041882038116455,-0.03705271991393144,0.24597249537211008,0.8821689873908788
1e-4,beta_grid_search_SP_INL_1e-4_p_200,200,50.0,100,20,0.83098,0.0032292265,0.004312485456466675,-0.07324859245207915,-0.15094370109881705,0.725318796293994
1e-4,beta_grid_search_SP_INL_1e-4_p_200,200,100.0,100,20,0.87628,0.002831512,0.004124999046325684,0.10002192408921043,-0.03447731384271213,0.9346001255696783
1e-4,beta_grid_search_SP_INL_1e-4_p_200,200,150.0,100,20,0.89571244,0.0026355055,0.0037083178758621216,-0.10243138506846373,0.03407934578212801,0.5011574307266858
1e-4,beta_grid_search_SP_INL_1e-4_p_200,200,200.0,100,20,0.9052517,0.0026018522,0.0036458075046539307,0.08567425040263588,0.07592390245744474,0.8139722462713348
1e-4,beta_grid_search_SP_INL_1e-4_p_200,200,250.0,100,20,0.91011834,0.002447488,0.0029583126306533813,0.16111337052333577,0.033315413410565764,0.7437170343360953
1e-4,beta_grid_search_SP_INL_1e-4_p_200,200,300.0,100,20,0.9132225,0.002419697,0.0027916431427001953,0.014838697830754687,0.2403488341915656,0.41794427101617926
1e-4,beta_grid_search_SP_INL_1e-4_p_200,200,350.0,100,20,0.9150017,0.0023070888,0.0029166340827941895,0.20327431984500227,0.32024824168148225,0.8125991046708849
1e-4,beta_grid_search_SP_INL_1e-4_p_200,200,400.0,100,20,0.91592,0.0022301276,0.0027499794960021973,0.18881017707443984,-0.1689426325613379,0.5569793449793901
1e-4,beta_grid_search_SP_INL_1e-4_p_200,200,450.0,100,20,0.9166684,0.002306363,0.0032916218042373657,0.139970974342323,-0.20338320363708595,0.8423023658013009
1e-4,beta_grid_search_SP_INL_1e-4_p_200,200,500.0,100,20,0.9170909,0.0024122088,0.0033541619777679443,0.32575482425993235,-0.12487333245997023,0.45271689062073245
1e-4,beta_grid_search_SP_INL_1e-4_p_200,200,550.0,100,20,0.91730833,0.0023604003,0.0027708113193511963,0.23633798660106078,-0.12282041992070392,0.3730897727733117
1e-4,beta_grid_search_SP_INL_1e-4_p_200,200,600.0,100,20,0.9174366,0.0024592965,0.003062516450881958,0.3452653684133161,0.09994994226933596,0.33891343091110726
1e-4,beta_grid_search_SP_INL_1e-4_p_200,200,650.0,100,20,0.9174358,0.002416271,0.0029791444540023804,0.20343717591007607,0.11665852508095176,0.7660182264266258
1e-4,beta_grid_search_SP_INL_1e-4_p_200,200,700.0,100,20,0.91750914,0.0026204113,0.0037916898727416992,0.1469099908060574,-0.3793585687212966,0.8216643108845842
1e-4,beta_grid_search_SP_INL_1e-4_p_200,200,750.0,100,20,0.91727823,0.002505415,0.0032708346843719482,0.2478360190636498,0.0638435243096227,0.8989244705025166
1e-4,beta_grid_search_SP_INL_1e-4_p_200,200,800.0,100,20,0.91724914,0.0026494192,0.003750026226043701,0.1791664352256125,-0.2675861448494592,0.8682394569535232
1e-4,beta_grid_search_SP_INL_1e-4_p_200,200,850.0,100,20,0.9169642,0.002772477,0.0037291347980499268,0.34668185245181077,-0.2937159453990237,0.2102877702474804
1e-4,beta_grid_search_SP_INL_1e-4_p_200,200,900.0,100,20,0.91678506,0.002846725,0.0037708580493927,0.2934415767527933,-0.08078161734167599,0.4613490715330788
1e-4,beta_grid_search_SP_INL_1e-4_p_200,200,950.0,100,20,0.91661996,0.0030234603,0.0038333535194396973,-0.143178251955145,0.13597893411743067,0.7682411070395165
1e-4,beta_grid_search_SP_INL_1e-4_p_200,200,1000.0,100,20,0.9160567,0.003181185,0.004354149103164673,0.13111542205522092,-0.050509309911671796,0.6091263336411581
1e-4,beta_grid_search_SP_INL_1e-4_p_200,200,1050.0,100,20,0.9161241,0.0030541192,0.0035624951124191284,0.39081347862697635,0.34997078873703247,0.22105777238908175
1e-4,beta_grid_search_SP_INL_1e-4_p_200,200,1100.0,100,20,0.9157684,0.0030301672,0.004145830869674683,0.04881066172500746,-0.11896422401578999,0.9370938073229313
1e-4,beta_grid_search_SP_INL_1e-4_p_200,200,1150.0,100,20,0.91528994,0.0034415,0.0038750171661376953,-0.07343094675142113,0.27989245589341394,0.6383500501747394
1e-4,beta_grid_search_SP_INL_1e-4_p_200,200,1200.0,100,20,0.9150609,0.003569629,0.0035416483879089355,-0.3541182617507242,0.4599361094029075,0.20893451580287614
1e-4,beta_grid_search_SP_INL_1e-4_p_200,200,1250.0,100,20,0.91493744,0.0033797561,0.004166662693023682,-0.664578598809068,1.7699297233854372,0.015463551817853994
1e-4,beta_grid_search_SP_INL_1e-4_p_200,200,1300.0,100,20,0.9144317,0.003347034,0.0041875094175338745,-0.20562733936231867,0.2852716075554178,0.841234605196018
1e-4,beta_grid_search_SP_INL_1e-4_p_200,200,1350.0,100,20,0.9143309,0.0032106305,0.004395827651023865,-0.3356606636336772,0.31170440965697876,0.36286425204075606
1e-4,beta_grid_search_SP_INL_1e-4_p_200,200,1400.0,100,20,0.9138492,0.003206262,0.0040833353996276855,-0.6019442938189979,0.9321393553543773,0.07639962025791874
1e-4,beta_grid_search_SP_INL_1e-4_p_200,200,1450.0,100,20,0.91346,0.0040126145,0.004104182124137878,-1.1280997568491387,2.76440689394442,0.00013121137864790107
1e-4,beta_grid_search_SP_INL_1e-4_p_200,200,1500.0,100,20,0.91374916,0.0035931685,0.003958344459533691,-0.7376609758237185,1.0460274606717457,0.0012766709905673234
1e-4,beta_grid_search_SP_INL_1e-4_p_200,200,1550.0,100,20,0.912715,0.00403228,0.005374982953071594,-0.876694327678796,0.7572898522553779,0.0007883471221831258
1e-4,beta_grid_search_SP_INL_1e-4_p_200,200,1600.0,100,20,0.9124449,0.003995195,0.004937499761581421,-0.8204233251558735,0.9363359034761722,0.00391842589620402
1e-4,beta_grid_search_SP_INL_1e-4_p_200,200,1650.0,100,20,0.9126859,0.0040999744,0.004854172468185425,-0.9218759139452208,1.0914019367066183,0.0003924809163429824
1e-4,beta_grid_search_SP_INL_1e-4_p_200,200,1700.0,100,20,0.9124108,0.004028838,0.00495833158493042,-0.9302226150759403,1.220906300310335,0.0004617506563596789
1e-4,beta_grid_search_SP_INL_1e-4_p_200,200,1750.0,100,20,0.9111225,0.004526678,0.005750000476837158,-0.8240045651359215,0.8159537375806099,0.002667430402062836
1e-4,beta_grid_search_SP_INL_1e-4_p_200,200,1800.0,100,20,0.91204506,0.004714528,0.006624996662139893,-0.8311772683011456,0.7637977598850818,0.0012631035512689376
1e-4,beta_grid_search_SP_INL_1e-4_p_200,200,1850.0,100,20,0.9111642,0.0046453387,0.005416691303253174,-0.6679290614823018,0.998356595103528,0.011854380687054392
1e-4,beta_grid_search_SP_INL_1e-4_p_200,200,1900.0,100,20,0.91030073,0.004666391,0.005958333611488342,-0.6309038838274335,0.27244069875600285,0.01628119428993393
1e-4,beta_grid_search_SP_INL_1e-4_p_200,200,1950.0,100,20,0.91033584,0.004452904,0.004541650414466858,-0.4496629302407698,1.0176474494610135,0.07553858222768996
1e-4,beta_grid_search_SP_INL_1e-4_p_50,50,1.0,100,20,0.6454733,0.0050655045,0.007354140281677246,-0.20381640696699843,0.22362862099284175,0.3089775542480796
1e-4,beta_grid_search_SP_INL_1e-4_p_50,50,50.0,100,20,0.82878333,0.003398394,0.004645809531211853,-0.10333111739794894,-0.5401071947012128,0.5987439053360357
1e-4,beta_grid_search_SP_INL_1e-4_p_50,50,100.0,100,20,0.8736167,0.0035136237,0.0046041905879974365,0.2540197874537894,-0.4074787704315703,0.5669203761287278
1e-4,beta_grid_search_SP_INL_1e-4_p_50,50,150.0,100,20,0.89110917,0.003925097,0.005541637539863586,-0.20106326407059238,-0.27309066160172524,0.7336997436103867
1e-4,beta_grid_search_SP_INL_1e-4_p_50,50,200.0,100,20,0.89795417,0.004321524,0.0055624693632125854,0.0482808140464767,-0.17391978071796332,0.9031827470338633
1e-4,beta_grid_search_SP_INL_1e-4_p_50,50,250.0,100,20,0.8991133,0.0048859087,0.006375014781951904,-0.2888824542203544,-0.1353914125622664,0.24515708120431423
1e-4,beta_grid_search_SP_INL_1e-4_p_50,50,300.0,100,20,0.8999851,0.005503552,0.007312506437301636,0.05052739765920873,-0.534806980351846,0.6083576740679959
1e-4,beta_grid_search_SP_INL_1e-4_p_50,50,350.0,100,20,0.89874,0.0071836133,0.010458320379257202,-0.2830730624946784,-0.3757478811334649,0.2854500096910373
1e-4,beta_grid_search_SP_INL_1e-4_p_50,50,400.0,100,20,0.8941042,0.00878329,0.011791706085205078,-0.11499921863260901,-0.5923588166930434,0.5023417205859577
1e-4,beta_grid_search_SP_INL_1e-4_p_50,50,450.0,100,20,0.8902767,0.010149144,0.015604168176651001,-0.3347906364066725,-0.5996416135457658,0.021349680880683192
1e-4,beta_grid_search_SP_INL_1e-4_p_50,50,500.0,100,20,0.88628423,0.013735781,0.01916670799255371,-0.3775103776540802,-0.7531824585879865,0.00526184661089427
1e-4,beta_grid_search_SP_INL_1e-4_p_50,50,550.0,100,20,0.8821207,0.015682932,0.025770828127861023,-0.3940828639253504,-0.9529950660376252,0.0003241032111406956
1e-4,beta_grid_search_SP_INL_1e-4_p_50,50,600.0,100,20,0.872505,0.01822289,0.026500001549720764,-0.18111880784442602,-0.8958525842778942,0.02679447765267082
1e-4,beta_grid_search_SP_INL_1e-4_p_50,50,650.0,100,20,0.8641957,0.019408222,0.027020826935768127,-0.0789735737169299,-0.9442331223116334,0.005663830609188377
1e-4,beta_grid_search_SP_INL_1e-4_p_50,50,700.0,100,20,0.8545325,0.021486608,0.028270825743675232,-0.17721856441232303,-0.60780197557773,0.11532668322151152
1e-4,beta_grid_search_SP_INL_1e-4_p_50,50,750.0,100,20,0.84765905,0.02400879,0.03006252646446228,0.12550156601632562,-0.5818907348435927,0.07652378271543216
1e-4,beta_grid_search_SP_INL_1e-4_p_50,50,800.0,100,20,0.84313166,0.027038066,0.03416667878627777,-0.4520896213553468,0.34998536278397685,0.04536618778995413
1e-4,beta_grid_search_SP_INL_1e-4_p_50,50,850.0,100,20,0.8281684,0.02527778,0.029583334922790527,-0.0806744398856983,0.2463768475751582,0.2896693590216491
1e-4,beta_grid_search_SP_INL_1e-4_p_50,50,900.0,100,20,0.81960243,0.026454601,0.030687496066093445,0.4543081210324206,-0.13378490933766063,0.004685568978947753
1e-4,beta_grid_search_SP_INL_1e-4_p_50,50,950.0,100,20,0.81495583,0.03391258,0.03704164922237396,-0.00045143407820079915,-0.3858864945880862,0.013893539751013699
1e-4,beta_grid_search_SP_INL_1e-4_p_50,50,1000.0,100,20,0.81368333,0.033638194,0.039583295583724976,-0.047997878159075656,-0.6682816154527251,0.09799234562753496
1e-4,beta_grid_search_SP_INL_1e-4_p_50,50,1050.0,100,20,0.80399,0.036077656,0.053854167461395264,0.2319642544326424,-0.8578069780906463,0.02357685304790622
1e-4,beta_grid_search_SP_INL_1e-4_p_50,50,1100.0,100,20,0.79551506,0.035251915,0.0467708557844162,0.3053270297411417,-0.6518204980005344,0.020020612133006772
1e-4,beta_grid_search_SP_INL_1e-4_p_50,50,1150.0,100,20,0.79732245,0.03956446,0.07106249034404755,0.1153890544106904,-1.0230947687823797,0.001195723622437324
1e-4,beta_grid_search_SP_INL_1e-4_p_50,50,1200.0,100,20,0.78476334,0.03976077,0.052083343267440796,0.28062091887633117,-0.5871460165004532,0.03647235434241309
1e-4,beta_grid_search_SP_INL_1e-4_p_50,50,1250.0,100,20,0.7861099,0.037263744,0.058104172348976135,-0.06679582394512419,-0.7150194422308265,0.04322293954587725
1e-4,beta_grid_search_SP_INL_1e-4_p_50,50,1300.0,100,20,0.7761058,0.035771266,0.04564584791660309,0.2698349934725902,-0.453614679904919,0.1895976597009298
1e-4,beta_grid_search_SP_INL_1e-4_p_50,50,1350.0,100,20,0.76595247,0.044126913,0.06302081048488617,0.09848393417385622,-0.6384774239421476,0.1851404154786523
1e-4,beta_grid_search_SP_INL_1e-4_p_50,50,1400.0,100,20,0.7569,0.041169006,0.051500022411346436,0.3083192381694438,-0.2602932182477926,0.05945302122358866
1e-4,beta_grid_search_SP_INL_1e-4_p_50,50,1450.0,100,20,0.74577004,0.04880542,0.06631249189376831,0.07930869668841548,-0.35331606031951956,0.936501800013677
1e-4,beta_grid_search_SP_INL_1e-4_p_50,50,1500.0,100,20,0.7331059,0.04100381,0.056500017642974854,0.30092340000978496,-0.40261479392929767,0.23602247447419772
1e-4,beta_grid_search_SP_INL_1e-4_p_50,50,1550.0,100,20,0.7377666,0.04229476,0.0534166544675827,0.1984140922965493,-0.2943482016570256,0.20479577474114413
1e-4,beta_grid_search_SP_INL_1e-4_p_50,50,1600.0,100,20,0.7286091,0.048025757,0.06820832192897797,0.24548006798229255,-0.8787637401915567,0.023806534926714758
1e-4,beta_grid_search_SP_INL_1e-4_p_50,50,1650.0,100,20,0.7092467,0.04777041,0.06300000846385956,0.3099770394322885,0.17949134479084972,0.6040931273978116
1e-4,beta_grid_search_SP_INL_1e-4_p_50,50,1700.0,100,20,0.70971245,0.048056167,0.061520859599113464,0.0851545447295411,-0.3837741132211203,0.36512174709194045
1e-4,beta_grid_search_SP_INL_1e-4_p_50,50,1750.0,100,20,0.70742327,0.045878686,0.055104151368141174,0.473474796102705,0.22686092185124007,0.10273864547856426
1e-4,beta_grid_search_SP_INL_1e-4_p_50,50,1800.0,100,20,0.6939033,0.041470595,0.05904164910316467,-0.28375061832995924,-0.29100423977626777,0.38767577456664243
1e-4,beta_grid_search_SP_INL_1e-4_p_50,50,1850.0,100,20,0.6832491,0.046112284,0.062479183077812195,0.07141359084211879,-0.060405296314986145,0.7212235920397426
1e-4,beta_grid_search_SP_INL_1e-4_p_50,50,1900.0,100,20,0.692325,0.04813898,0.06656248867511749,-0.16432683797353922,-0.305577797948708,0.7475194720335042
1e-4,beta_grid_search_SP_INL_1e-4_p_50,50,1950.0,100,20,0.67614996,0.04731997,0.06449998915195465,-0.2609520919054625,-0.5911012731965166,0.15340470277256574
1e-5,beta_grid_search_SP_INL_1e-5_p_100,100,1.0,100,20,0.645775,0.005157243,0.007895857095718384,-0.08578193078257484,0.330714211703361,0.35187978524652835
1e-5,beta_grid_search_SP_INL_1e-5_p_100,100,50.0,100,20,0.83004576,0.0033414797,0.004458308219909668,-0.12944844911340062,-0.240246727555681,0.9175581613966275
1e-5,beta_grid_search_SP_INL_1e-5_p_100,100,100.0,100,20,0.8753534,0.0029066596,0.004187494516372681,0.2406910549233476,-0.3318446371809798,0.6208040890115173
1e-5,beta_grid_search_SP_INL_1e-5_p_100,100,150.0,100,20,0.894505,0.002774818,0.004124999046325684,-0.058711184269484774,-0.4106775300800236,0.6689434951568483
1e-5,beta_grid_search_SP_INL_1e-5_p_100,100,200.0,100,20,0.9038167,0.002660898,0.003791630268096924,-0.16286702036104098,-0.2283369600193832,0.6634572281164683
1e-5,beta_grid_search_SP_INL_1e-5_p_100,100,250.0,100,20,0.9086442,0.0024841216,0.003104180097579956,0.035020272554851344,0.2123315836250188,0.9265897945955109
1e-5,beta_grid_search_SP_INL_1e-5_p_100,100,300.0,100,20,0.91144425,0.0025909962,0.0034791678190231323,-0.015771032732740387,-0.21415189012666858,0.84291216407753
1e-5,beta_grid_search_SP_INL_1e-5_p_100,100,350.0,100,20,0.9126991,0.0028464205,0.0036249905824661255,-0.22831990348467304,0.19052492473762817,0.8575883169911178
1e-5,beta_grid_search_SP_INL_1e-5_p_100,100,400.0,100,20,0.9132108,0.0030850824,0.0037708580493927,-0.5075642848167894,1.126691367645945,0.08229557871475256
1e-5,beta_grid_search_SP_INL_1e-5_p_100,100,450.0,100,20,0.9135617,0.0034893355,0.004208385944366455,-0.7690837997548435,2.639648926906708,0.004926704902828843
1e-5,beta_grid_search_SP_INL_1e-5_p_100,100,500.0,100,20,0.9137183,0.0034924322,0.004437491297721863,-0.7336204452460708,1.5552928674183848,0.019648659932692047
1e-5,beta_grid_search_SP_INL_1e-5_p_100,100,550.0,100,20,0.91373336,0.0031310217,0.0034583210945129395,-0.19814992394397843,-0.0837832075201379,0.30603509285469155
1e-5,beta_grid_search_SP_INL_1e-5_p_100,100,600.0,100,20,0.9124225,0.004285299,0.005041658878326416,-0.45810268287027006,0.3373967993463709,0.04786192521366915
1e-5,beta_grid_search_SP_INL_1e-5_p_100,100,650.0,100,20,0.9125208,0.004122264,0.0067291706800460815,-0.32086681538392803,-0.2714167603382598,0.07844630075639161
1e-5,beta_grid_search_SP_INL_1e-5_p_100,100,700.0,100,20,0.91210586,0.0040887017,0.005479186773300171,-0.33894867534120293,0.12628572947756433,0.4798397814344047
1e-5,beta_grid_search_SP_INL_1e-5_p_100,100,750.0,100,20,0.9117341,0.004995124,0.0061874836683273315,-1.0246834657206447,1.493057981839863,0.00013170245442599852
1e-5,beta_grid_search_SP_INL_1e-5_p_100,100,800.0,100,20,0.90939575,0.0062260916,0.008041679859161377,-1.0160940764177888,2.2662921037572135,0.0004134311053275345
1e-5,beta_grid_search_SP_INL_1e-5_p_100,100,850.0,100,20,0.90473497,0.009059856,0.013104170560836792,-0.8478874308439015,0.5844216769218269,0.0002464026358379901
1e-5,beta_grid_search_SP_INL_1e-5_p_100,100,900.0,100,20,0.8980125,0.010089467,0.011458337306976318,-0.8228637543947791,0.7955775958824809,0.001185717904150959
1e-5,beta_grid_search_SP_INL_1e-5_p_100,100,950.0,100,20,0.88912666,0.01309077,0.020666688680648804,-0.25165826373430633,-0.42368801210464246,0.3062033945960371
1e-5,beta_grid_search_SP_INL_1e-5_p_100,100,1000.0,100,20,0.8808033,0.013099208,0.01862502098083496,-0.1252046035376882,-0.5509305343232382,0.6668453474248046
1e-5,beta_grid_search_SP_INL_1e-5_p_100,100,1050.0,100,20,0.8723234,0.012865905,0.01958334445953369,0.07225033912047446,-0.4682306615418148,0.889188242455198
1e-5,beta_grid_search_SP_INL_1e-5_p_100,100,1100.0,100,20,0.8685391,0.014412536,0.020999997854232788,0.09463497360281968,-0.6588299332282856,0.48663557809935265
1e-5,beta_grid_search_SP_INL_1e-5_p_100,100,1150.0,100,20,0.8587342,0.014254882,0.020854145288467407,0.14608182527976674,-0.5900153186540331,0.36867199127423045
1e-5,beta_grid_search_SP_INL_1e-5_p_100,100,1200.0,100,20,0.85394496,0.016385239,0.02037501335144043,-0.01734920363163711,0.06035397967409262,0.2980030902513463
1e-5,beta_grid_search_SP_INL_1e-5_p_100,100,1250.0,100,20,0.8445051,0.015403337,0.02093753218650818,-0.09273273652419928,-0.2338337719365735,0.910772183147819
1e-5,beta_grid_search_SP_INL_1e-5_p_100,100,1300.0,100,20,0.83689415,0.018588495,0.028270810842514038,-0.15407317966260664,-0.7636457294351682,0.20022349572534492
1e-5,beta_grid_search_SP_INL_1e-5_p_100,100,1350.0,100,20,0.8308208,0.019687433,0.02766665816307068,-0.42228943996274965,-0.42410628435971054,0.07778714420046981
1e-5,beta_grid_search_SP_INL_1e-5_p_100,100,1400.0,100,20,0.8254184,0.020792658,0.029708340764045715,-0.2811684248915185,-0.6108285103287114,0.10098271753233717
1e-5,beta_grid_search_SP_INL_1e-5_p_100,100,1450.0,100,20,0.81974,0.020331478,0.02775000035762787,-0.47815734961532075,-0.13943363213542392,0.027035877164308632
1e-5,beta_grid_search_SP_INL_1e-5_p_100,100,1500.0,100,20,0.81477493,0.021698788,0.02631250023841858,-0.7051800695525575,1.1494691526139968,0.01608396011233912
1e-5,beta_grid_search_SP_INL_1e-5_p_100,100,1550.0,100,20,0.8059234,0.021015367,0.02927081286907196,-0.5402911248430046,1.282424148941625,0.09457335680124088
1e-5,beta_grid_search_SP_INL_1e-5_p_100,100,1600.0,100,20,0.8013726,0.021923749,0.024208322167396545,-0.6314945349681766,0.36032592802975305,0.027004011565490278
1e-5,beta_grid_search_SP_INL_1e-5_p_100,100,1650.0,100,20,0.7922583,0.022486873,0.03162500262260437,-0.4128387623078603,0.09217598982724651,0.1928759061317291
1e-5,beta_grid_search_SP_INL_1e-5_p_100,100,1700.0,100,20,0.7894567,0.02223744,0.026812493801116943,-0.621900645356366,1.3328719291232423,0.036992473523007025
1e-5,beta_grid_search_SP_INL_1e-5_p_100,100,1750.0,100,20,0.77876586,0.022910887,0.027916669845581055,-0.640005874695121,0.629832153321868,0.060144355256998176
1e-5,beta_grid_search_SP_INL_1e-5_p_100,100,1800.0,100,20,0.7749741,0.023726892,0.03285415470600128,-0.286251342444152,0.058517432592153806,0.6197390149851724
1e-5,beta_grid_search_SP_INL_1e-5_p_100,100,1850.0,100,20,0.77253324,0.028581833,0.040187492966651917,-0.13541142611790324,-0.4658669582755275,0.49347654627843784
1e-5,beta_grid_search_SP_INL_1e-5_p_100,100,1900.0,100,20,0.7671691,0.02596864,0.032895833253860474,-0.09846421545913145,0.11328285095522572,0.7191353543803425
1e-5,beta_grid_search_SP_INL_1e-5_p_100,100,1950.0,100,20,0.7624774,0.026672365,0.04020830988883972,-0.5264171257695187,-0.4975983821408434,0.005381977446440548
1e-5,beta_grid_search_SP_INL_1e-5_p_200,200,1.0,100,20,0.6460383,0.0050530047,0.0070833563804626465,-0.030103713555792538,0.2872871678988602,0.8167206396128528
1e-5,beta_grid_search_SP_INL_1e-5_p_200,200,50.0,100,20,0.83084494,0.0032280304,0.004541635513305664,-0.07918573600933838,-0.16176661243820867,0.524826425397755
1e-5,beta_grid_search_SP_INL_1e-5_p_200,200,100.0,100,20,0.8760434,0.0028162152,0.003958344459533691,0.08959902074160943,0.14669782517316143,0.9567430576095287
1e-5,beta_grid_search_SP_INL_1e-5_p_200,200,150.0,100,20,0.8955567,0.0026371996,0.0037291347980499268,-0.055527754640059566,-0.08978993734391016,0.565429973669567
1e-5,beta_grid_search_SP_INL_1e-5_p_200,200,200.0,100,20,0.9050084,0.0026050198,0.003520876169204712,0.0407759446214796,0.019291169200854164,0.9212533581987229
1e-5,beta_grid_search_SP_INL_1e-5_p_200,200,250.0,100,20,0.9100167,0.0024432384,0.0034374892711639404,0.07284323570630521,-0.08427511373216934,0.9099195227361243
1e-5,beta_grid_search_SP_INL_1e-5_p_200,200,300.0,100,20,0.9129742,0.0023809134,0.0027708709239959717,0.01523931769684593,0.2836441845074562,0.6757026020282864
1e-5,beta_grid_search_SP_INL_1e-5_p_200,200,350.0,100,20,0.9147524,0.0022226814,0.0027499794960021973,-0.012631009695032523,0.15677188741149983,0.9538826192128378
1e-5,beta_grid_search_SP_INL_1e-5_p_200,200,400.0,100,20,0.9157549,0.0023127352,0.0030207931995391846,0.07602826151674014,-0.11246443229613057,0.7501110169834755
1e-5,beta_grid_search_SP_INL_1e-5_p_200,200,450.0,100,20,0.91644585,0.00229393,0.002562493085861206,0.2561349868399924,0.06518269499504825,0.25224821357007987
1e-5,beta_grid_search_SP_INL_1e-5_p_200,200,500.0,100,20,0.91681916,0.002334265,0.0032500028610229492,0.05509242500986337,-0.27523872151870776,0.49141277674249023
1e-5,beta_grid_search_SP_INL_1e-5_p_200,200,550.0,100,20,0.9170425,0.0024223537,0.003166675567626953,0.1959623804727146,-0.11825721411169265,0.7413291121613578
1e-5,beta_grid_search_SP_INL_1e-5_p_200,200,600.0,100,20,0.91732484,0.002496196,0.0033541619777679443,0.29974719709186476,-0.035603130439332276,0.5586015562149762
1e-5,beta_grid_search_SP_INL_1e-5_p_200,200,650.0,100,20,0.9172218,0.0025366896,0.002958357334136963,0.0745977160897288,0.2299357161949489,0.48210100677459755
1e-5,beta_grid_search_SP_INL_1e-5_p_200,200,700.0,100,20,0.91705996,0.0026037167,0.002916693687438965,0.11823792433932855,0.5749443738234672,0.12993799530032468
1e-5,beta_grid_search_SP_INL_1e-5_p_200,200,750.0,100,20,0.9170075,0.0025168373,0.0028541982173919678,0.08085898619633015,0.6278933363703754,0.2687273616352109
1e-5,beta_grid_search_SP_INL_1e-5_p_200,200,800.0,100,20,0.91685593,0.0026115652,0.0028125345706939697,-0.3322050919288566,0.7344143835676076,0.21048630383973432
1e-5,beta_grid_search_SP_INL_1e-5_p_200,200,850.0,100,20,0.9163434,0.0027374655,0.0028749853372573853,-0.22183162316358565,0.41875903481990395,0.6034862672872885
1e-5,beta_grid_search_SP_INL_1e-5_p_200,200,900.0,100,20,0.9161682,0.0030214593,0.0033333301544189453,-0.630480888577807,2.1144162658268666,0.019216665006863996
1e-5,beta_grid_search_SP_INL_1e-5_p_200,200,950.0,100,20,0.9160733,0.002525188,0.002958357334136963,0.1582053777673552,0.10337972414950958,0.648921643755431
1e-5,beta_grid_search_SP_INL_1e-5_p_200,200,1000.0,100,20,0.9156101,0.0028505102,0.0038125216960906982,0.01862996013189917,0.12275971951101727,0.9294946226044756
1e-5,beta_grid_search_SP_INL_1e-5_p_200,200,1050.0,100,20,0.91524667,0.00311978,0.0036249756813049316,-0.2635857412496387,0.21010688264684685,0.40649274965181104
1e-5,beta_grid_search_SP_INL_1e-5_p_200,200,1100.0,100,20,0.9151292,0.0033390154,0.004333332180976868,-0.2532306580218581,-0.07036107702638494,0.39687454368673514
1e-5,beta_grid_search_SP_INL_1e-5_p_200,200,1150.0,100,20,0.91461253,0.0035967336,0.005124986171722412,-0.15497727313260504,-0.04766707218275634,0.4163409348394365
1e-5,beta_grid_search_SP_INL_1e-5_p_200,200,1200.0,100,20,0.9141974,0.0035456733,0.004458367824554443,0.01080473959404713,0.12048722223353447,0.6463065169414592
1e-5,beta_grid_search_SP_INL_1e-5_p_200,200,1250.0,100,20,0.9138942,0.003983003,0.005208373069763184,-0.36891631323772534,0.1627155991149647,0.4749774511381471
1e-5,beta_grid_search_SP_INL_1e-5_p_200,200,1300.0,100,20,0.91267073,0.004058142,0.004729181528091431,-0.6522769111400462,1.1785170271931138,0.03272590779995474
1e-5,beta_grid_search_SP_INL_1e-5_p_200,200,1350.0,100,20,0.912835,0.004088922,0.0056041330099105835,0.057490491513026876,-0.24385613663101724,0.6563536460483415
1e-5,beta_grid_search_SP_INL_1e-5_p_200,200,1400.0,100,20,0.91192085,0.004903776,0.00697915256023407,-0.20252430841696598,-0.31570982444115003,0.5914762380899221
1e-5,beta_grid_search_SP_INL_1e-5_p_200,200,1450.0,100,20,0.9113251,0.0045851213,0.007020816206932068,-0.3726946948891069,-0.2990177020535074,0.09028321988234232
1e-5,beta_grid_search_SP_INL_1e-5_p_200,200,1500.0,100,20,0.9101841,0.0049652616,0.006479173898696899,-0.302738616524566,-0.2908701461860579,0.20592427892207105
1e-5,beta_grid_search_SP_INL_1e-5_p_200,200,1550.0,100,20,0.90976334,0.005616807,0.008208349347114563,-0.30537450464154675,-0.6748811984607102,0.07359437295282727
1e-5,beta_grid_search_SP_INL_1e-5_p_200,200,1600.0,100,20,0.90912926,0.005478804,0.008125007152557373,-0.49512257400519993,-0.5300309642892658,0.004861983971389753
1e-5,beta_grid_search_SP_INL_1e-5_p_200,200,1650.0,100,20,0.9084558,0.0059759547,0.006937488913536072,-0.6448830341324189,0.4098630789061093,0.019386144488206317
1e-5,beta_grid_search_SP_INL_1e-5_p_200,200,1700.0,100,20,0.90640914,0.00604187,0.008562490344047546,-0.22313398815918695,-0.4275461622712178,0.39190334718863973
1e-5,beta_grid_search_SP_INL_1e-5_p_200,200,1750.0,100,20,0.9056201,0.0072693434,0.010500013828277588,-0.48458794121137005,-0.15554994105089603,0.05522565409726209
1e-5,beta_grid_search_SP_INL_1e-5_p_200,200,1800.0,100,20,0.9046708,0.007890825,0.009854137897491455,-0.680602501108499,0.41275290505572215,0.0121065039513678
1e-5,beta_grid_search_SP_INL_1e-5_p_200,200,1850.0,100,20,0.900435,0.008250646,0.010062485933303833,-0.5225115201972763,0.2866098042724672,0.08486493330119078
1e-5,beta_grid_search_SP_INL_1e-5_p_200,200,1900.0,100,20,0.8961659,0.010369722,0.015541672706604004,-0.41685160673433663,-0.2814339681533209,0.0851503529407277
1e-5,beta_grid_search_SP_INL_1e-5_p_200,200,1950.0,100,20,0.89276236,0.0105646765,0.014833331108093262,-0.37901049715164953,-0.07876419891495212,0.04632770024084374
1e-5,beta_grid_search_SP_INL_1e-5_p_50,50,1.0,100,20,0.6452609,0.00524646,0.008270829916000366,-0.19324576570767385,0.2802142106911134,0.2287320585767046
1e-5,beta_grid_search_SP_INL_1e-5_p_50,50,50.0,100,20,0.8285041,0.0034639866,0.00483328104019165,-0.13669196862154914,-0.5762571823204934,0.472983416874409
1e-5,beta_grid_search_SP_INL_1e-5_p_50,50,100.0,100,20,0.8732799,0.0035420875,0.0045416951179504395,0.07264522284690995,-0.3790359556260876,0.9145505952594859
1e-5,beta_grid_search_SP_INL_1e-5_p_50,50,150.0,100,20,0.88985234,0.00361396,0.004916667938232422,-0.21129050386507214,-0.20870821454177024,0.6176422128855705
1e-5,beta_grid_search_SP_INL_1e-5_p_50,50,200.0,100,20,0.89626503,0.003970297,0.004687458276748657,0.03303462868693379,-0.08896788563970892,0.7171548379405206
1e-5,beta_grid_search_SP_INL_1e-5_p_50,50,250.0,100,20,0.89797586,0.004509643,0.005520850419998169,-0.23398794403124706,-0.37229035552536915,0.44704156298318104
1e-5,beta_grid_search_SP_INL_1e-5_p_50,50,300.0,100,20,0.89730924,0.005777198,0.007645830512046814,0.09189771249243676,-0.6680796901650061,0.3493753918832784
1e-5,beta_grid_search_SP_INL_1e-5_p_50,50,350.0,100,20,0.8879699,0.00811188,0.012520834803581238,-0.09223228519813391,-0.879321742780991,0.06107703210870749
1e-5,beta_grid_search_SP_INL_1e-5_p_50,50,400.0,100,20,0.87711585,0.009975824,0.015541672706604004,-0.2754327497361169,-0.34913058176052747,0.06871017648080868
1e-5,beta_grid_search_SP_INL_1e-5_p_50,50,450.0,100,20,0.8679508,0.011341102,0.014854177832603455,-0.6471853154296536,-0.16283612347450926,0.0020466356576940314
1e-5,beta_grid_search_SP_INL_1e-5_p_50,50,500.0,100,20,0.8548867,0.01334312,0.019541680812835693,-0.17027061719702397,-0.6790393524297413,0.1739300330987783
1e-5,beta_grid_search_SP_INL_1e-5_p_50,50,550.0,100,20,0.8413167,0.014029441,0.020687490701675415,-0.14604927643296572,-0.5646618476438845,0.46277490583760184
1e-5,beta_grid_search_SP_INL_1e-5_p_50,50,600.0,100,20,0.8274817,0.01651706,0.023229122161865234,-0.005449571132153681,-0.2242513225674485,0.9466384211841606
1e-5,beta_grid_search_SP_INL_1e-5_p_50,50,650.0,100,20,0.80994916,0.021132534,0.031083345413208008,0.11855264265246272,-0.21626333568095468,0.656712499984774
1e-5,beta_grid_search_SP_INL_1e-5_p_50,50,700.0,100,20,0.7945842,0.021610843,0.033354148268699646,-0.12253233745878765,-0.4071150791331011,0.49125950181446826
1e-5,beta_grid_search_SP_INL_1e-5_p_50,50,750.0,100,20,0.7818159,0.022941483,0.029895827174186707,-0.5542631236419125,0.05911835931627074,0.05395557123068601
1e-5,beta_grid_search_SP_INL_1e-5_p_50,50,800.0,100,20,0.766745,0.024059327,0.0379374623298645,-0.4134028324649598,-0.3491475495373435,0.0763182073709751
1e-5,beta_grid_search_SP_INL_1e-5_p_50,50,850.0,100,20,0.7558242,0.024322413,0.033062517642974854,-0.06816561481650407,-0.022844314764499885,0.855796630221419
1e-5,beta_grid_search_SP_INL_1e-5_p_50,50,900.0,100,20,0.742935,0.02427527,0.028708308935165405,-0.2741861286781102,0.005323068172998546,0.44245503107153644
1e-5,beta_grid_search_SP_INL_1e-5_p_50,50,950.0,100,20,0.7369383,0.026949978,0.03429165482521057,-0.30021839327418465,-0.1980452395161052,0.42777041865410304
1e-5,beta_grid_search_SP_INL_1e-5_p_50,50,1000.0,100,20,0.7294883,0.027407726,0.03395833075046539,-0.14523575944480827,0.310277298801966,0.6894848634344624
1e-5,beta_grid_search_SP_INL_1e-5_p_50,50,1050.0,100,20,0.7214791,0.027164739,0.035270825028419495,-0.40188729730922895,0.2904978533518827,0.16812759742161915
1e-5,beta_grid_search_SP_INL_1e-5_p_50,50,1100.0,100,20,0.7080024,0.02839773,0.0365416556596756,-0.20160930407338573,0.6687805328331673,0.2641714762059937
1e-5,beta_grid_search_SP_INL_1e-5_p_50,50,1150.0,100,20,0.7000042,0.02913718,0.04274998605251312,-0.19268662342654644,-0.5936891806496774,0.32492764863748147
1e-5,beta_grid_search_SP_INL_1e-5_p_50,50,1200.0,100,20,0.6933907,0.0295763,0.04449997842311859,0.3154958071640737,-0.11784005335767889,0.2974664956325055
1e-5,beta_grid_search_SP_INL_1e-5_p_50,50,1250.0,100,20,0.6906375,0.030816555,0.04412500560283661,0.0055227662885351525,-0.5109635914279194,0.5694799098802352
1e-5,beta_grid_search_SP_INL_1e-5_p_50,50,1300.0,100,20,0.6812908,0.0288575,0.04395832121372223,-0.18498932927907819,-0.43224428100225465,0.2846306119474674
1e-5,beta_grid_search_SP_INL_1e-5_p_50,50,1350.0,100,20,0.6814708,0.032542355,0.04897916316986084,-0.3484254597041238,-0.44237487780014817,0.1879574746292857
1e-5,beta_grid_search_SP_INL_1e-5_p_50,50,1400.0,100,20,0.68138915,0.030608453,0.036875009536743164,-0.17598830210236102,-0.13607689818911073,0.5917478457933114
1e-5,beta_grid_search_SP_INL_1e-5_p_50,50,1450.0,100,20,0.678415,0.03643158,0.05637499690055847,-0.06170454134952557,-0.49121587177442194,0.8366476307630184
1e-5,beta_grid_search_SP_INL_1e-5_p_50,50,1500.0,100,20,0.6663082,0.03743707,0.05322915315628052,-0.15048407522108045,-0.7120130133122888,0.29213174272187514
1e-5,beta_grid_search_SP_INL_1e-5_p_50,50,1550.0,100,20,0.67500997,0.033595752,0.04866667091846466,-0.4281660067511302,-0.17480822368321203,0.24229830635835614
1e-5,beta_grid_search_SP_INL_1e-5_p_50,50,1600.0,100,20,0.66635585,0.03896387,0.059749990701675415,-0.04555741477950461,-0.139036963548258,0.7030229115232927
1e-5,beta_grid_search_SP_INL_1e-5_p_50,50,1650.0,100,20,0.6638151,0.029734286,0.03920835256576538,-0.16818415974786957,-0.3425550617281039,0.5996010574877116
1e-5,beta_grid_search_SP_INL_1e-5_p_50,50,1700.0,100,20,0.6659399,0.033670414,0.043395861983299255,-0.039423360076893094,-0.4093771478760102,0.1707783991868237
1e-5,beta_grid_search_SP_INL_1e-5_p_50,50,1750.0,100,20,0.6586475,0.03110178,0.039604172110557556,-0.5359969698824925,0.05585845698564729,0.023477760613317435
1e-5,beta_grid_search_SP_INL_1e-5_p_50,50,1800.0,100,20,0.65902334,0.03617781,0.047250017523765564,-0.3589829625769704,0.20051051444264667,0.3208094659774988
1e-5,beta_grid_search_SP_INL_1e-5_p_50,50,1850.0,100,20,0.65336,0.037968904,0.04472917318344116,-0.6577126458218868,1.2397624256456163,0.04055884020432278
1e-5,beta_grid_search_SP_INL_1e-5_p_50,50,1900.0,100,20,0.6472301,0.037705638,0.05627082288265228,0.11055520101398397,-0.650192800404723,0.2781627232414777
1e-5,beta_grid_search_SP_INL_1e-5_p_50,50,1950.0,100,20,0.6458716,0.039769206,0.05650003254413605,-0.4317031725188386,-0.29333028762067004,0.04450270589231124
2e-1,beta_grid_search_SP_INL_2e-1_p_100,100,1.0,100,20,0.6470192,0.005756796,0.006812483072280884,-0.3526384891798751,0.738635445381155,0.49270049953246214
2e-1,beta_grid_search_SP_INL_2e-1_p_100,100,50.0,100,20,0.8327583,0.0047257934,0.005645841360092163,-0.569317221031818,0.1623940945908462,0.05444416942013954
2e-1,beta_grid_search_SP_INL_2e-1_p_100,100,100.0,100,20,0.86573416,0.005735382,0.007166683673858643,-0.9419577634435602,1.7875880933420207,0.0006413658545501301
2e-1,beta_grid_search_SP_INL_2e-1_p_100,100,150.0,100,20,0.8642741,0.013018348,0.02068750560283661,-0.8400957704453471,1.384312664015213,0.00031787780500297643
2e-1,beta_grid_search_SP_INL_2e-1_p_100,100,200.0,100,20,0.8281599,0.014826164,0.01864580810070038,-0.3456118793200376,0.4341878456299053,0.44639866621646246
2e-1,beta_grid_search_SP_INL_2e-1_p_100,100,250.0,100,20,0.79307,0.02508174,0.032499998807907104,-0.8291346033424305,0.5887221380225389,0.0015376091521309592
2e-1,beta_grid_search_SP_INL_2e-1_p_100,100,300.0,100,20,0.73196495,0.045814283,0.0587708055973053,-1.5284374553414426,4.68338454390911,1.1924099246934443e-06
2e-1,beta_grid_search_SP_INL_2e-1_p_100,100,350.0,100,20,0.6994468,0.05217169,0.06377081573009491,-0.8531239231650288,0.3780847510304959,0.00028770661332687425
2e-1,beta_grid_search_SP_INL_2e-1_p_100,100,400.0,100,20,0.66925424,0.049250368,0.06962500512599945,-0.3960959975874853,-0.5066694557026494,0.021024887620359565
2e-1,beta_grid_search_SP_INL_2e-1_p_100,100,450.0,100,20,0.64212835,0.055997133,0.0742499977350235,-0.5901003311776082,0.2277964770918719,0.044399236885614805
2e-1,beta_grid_search_SP_INL_2e-1_p_100,100,500.0,100,20,0.6231308,0.056205075,0.07350000739097595,-0.43756837714753133,0.1746422766011282,0.3559790521009732
2e-1,beta_grid_search_SP_INL_2e-1_p_100,100,550.0,100,20,0.607635,0.051820774,0.057062506675720215,-0.8822466811869238,1.4237906142952648,0.001346169596384692
2e-1,beta_grid_search_SP_INL_2e-1_p_100,100,600.0,100,20,0.58251005,0.054075528,0.06087498366832733,-0.6418904225299827,0.5087857513469012,0.01271481524061524
2e-1,beta_grid_search_SP_INL_2e-1_p_100,100,650.0,100,20,0.5787684,0.046832643,0.055583298206329346,-0.6079890743071519,0.9747660677904801,0.023543593577675888
2e-1,beta_grid_search_SP_INL_2e-1_p_100,100,700.0,100,20,0.5694659,0.04246511,0.060854196548461914,0.14395403916529978,0.018849793123243863,0.8390543326864686
2e-1,beta_grid_search_SP_INL_2e-1_p_100,100,750.0,100,20,0.5611942,0.048095383,0.05864579975605011,-0.5023530823449315,0.24103214142924578,0.05664390713346672
2e-1,beta_grid_search_SP_INL_2e-1_p_100,100,800.0,100,20,0.5496233,0.05202841,0.05956253409385681,-0.4089337954376212,0.36796637093149087,0.11865666483994125
2e-1,beta_grid_search_SP_INL_2e-1_p_100,100,850.0,100,20,0.53661084,0.050872363,0.058437496423721313,-0.6339305036488299,1.6655738326603124,0.02707761781157064
2e-1,beta_grid_search_SP_INL_2e-1_p_100,100,900.0,100,20,0.52898085,0.047026746,0.053854167461395264,-0.35884818741062974,-0.3206827543545612,0.06468312282635454
2e-1,beta_grid_search_SP_INL_2e-1_p_100,100,950.0,100,20,0.52441496,0.054708656,0.07314582914113998,-0.4479591739895673,1.1786508572026655,0.1368203203209119
2e-1,beta_grid_search_SP_INL_2e-1_p_100,100,1000.0,100,20,0.5168466,0.04601424,0.06106248497962952,-0.14797786154614834,-0.2952842255507333,0.6348529355198288
2e-1,beta_grid_search_SP_INL_2e-1_p_100,100,1050.0,100,20,0.5156133,0.039196722,0.05122914910316467,0.02671513958708572,0.36002636372638985,0.6883738608363795
2e-1,beta_grid_search_SP_INL_2e-1_p_100,100,1100.0,100,20,0.502855,0.045365326,0.05606250464916229,-0.3560819698654626,2.231834556661086,0.020804829489286768
2e-1,beta_grid_search_SP_INL_2e-1_p_100,100,1150.0,100,20,0.5107642,0.045157775,0.05502080172300339,0.2929016847354304,0.4888651157662598,0.21329930480791337
2e-1,beta_grid_search_SP_INL_2e-1_p_100,100,1200.0,100,20,0.49037582,0.054283775,0.06952081620693207,-0.26553645116566366,0.017757548728454697,0.8661142551999788
2e-1,beta_grid_search_SP_INL_2e-1_p_100,100,1250.0,100,20,0.49646667,0.051164452,0.06860414892435074,0.12262335671682427,-0.2782502543826144,0.3295439992007297
2e-1,beta_grid_search_SP_INL_2e-1_p_100,100,1300.0,100,20,0.49787498,0.053785257,0.07143748551607132,0.30883727204137085,-0.3290655631732542,0.20498037758851956
2e-1,beta_grid_search_SP_INL_2e-1_p_100,100,1350.0,100,20,0.48219997,0.057890132,0.08229164779186249,-0.10450416239388041,-0.5003568853524953,0.5653058586961792
2e-1,beta_grid_search_SP_INL_2e-1_p_100,100,1400.0,100,20,0.4889891,0.05264886,0.07922913879156113,-0.25294683282128044,-0.19325132673800782,0.6063251630167132
2e-1,beta_grid_search_SP_INL_2e-1_p_100,100,1450.0,100,20,0.4838783,0.05471041,0.0741666629910469,-0.3402381127760683,-0.4109355779788557,0.24317749038992814
2e-1,beta_grid_search_SP_INL_2e-1_p_100,100,1500.0,100,20,0.48070666,0.05639551,0.0730624794960022,-0.39620039870729357,0.042652139405989775,0.16475663577937577
2e-1,beta_grid_search_SP_INL_2e-1_p_100,100,1550.0,100,20,0.47804496,0.054356083,0.06033334136009216,-0.8000364266814807,0.8686969612139954,0.0048581645328815174
2e-1,beta_grid_search_SP_INL_2e-1_p_100,100,1600.0,100,20,0.4794092,0.05395892,0.05781250447034836,-0.6119737555646151,0.354402758711589,0.00623910736708821
2e-1,beta_grid_search_SP_INL_2e-1_p_100,100,1650.0,100,20,0.47834086,0.058331188,0.0779375359416008,-0.10490729041251393,-0.26670457431030936,0.7677044866003406
2e-1,beta_grid_search_SP_INL_2e-1_p_100,100,1700.0,100,20,0.48000994,0.055052318,0.06031248718500137,-0.6033592951608767,0.6137608831594448,0.020260253462106772
2e-1,beta_grid_search_SP_INL_2e-1_p_100,100,1750.0,100,20,0.47292167,0.058866028,0.07406250387430191,-0.014170543989972029,-0.13168357892770466,0.7930122689930218
2e-1,beta_grid_search_SP_INL_2e-1_p_100,100,1800.0,100,20,0.46108496,0.05909809,0.07891666144132614,-0.396292147769395,0.9484420086806793,0.09334511483968413
2e-1,beta_grid_search_SP_INL_2e-1_p_100,100,1850.0,100,20,0.47250834,0.057691034,0.0717291459441185,-0.5465829056367832,0.21061085460305096,0.05946603672211793
2e-1,beta_grid_search_SP_INL_2e-1_p_100,100,1900.0,100,20,0.47254667,0.056129154,0.06887497752904892,-0.4150887093085618,0.13668339086676262,0.31305940983205593
2e-1,beta_grid_search_SP_INL_2e-1_p_100,100,1950.0,100,20,0.47438496,0.058791555,0.0742708221077919,-0.4227730362918022,0.20939318936400442,0.11208748132281154
2e-1,beta_grid_search_SP_INL_2e-1_p_200,200,1.0,100,20,0.6476433,0.0048302105,0.005125001072883606,-0.7605979060231056,1.350627194200439,0.006160663916747375
2e-1,beta_grid_search_SP_INL_2e-1_p_200,200,50.0,100,20,0.83379155,0.00368448,0.004854127764701843,-0.2949088404503986,-0.3545842404991286,0.09847078213821638
2e-1,beta_grid_search_SP_INL_2e-1_p_200,200,100.0,100,20,0.8732534,0.0032787595,0.0037499666213989258,-0.17157751649938782,0.6697273570082203,0.3619269689111142
2e-1,beta_grid_search_SP_INL_2e-1_p_200,200,150.0,100,20,0.8861341,0.0038335316,0.004458367824554443,-1.1129020696026566,2.001839916932213,0.0001177722302425674
2e-1,beta_grid_search_SP_INL_2e-1_p_200,200,200.0,100,20,0.8895958,0.0059946473,0.006312459707260132,-1.5477662667529162,3.929985789725917,6.933019925815117e-07
2e-1,beta_grid_search_SP_INL_2e-1_p_200,200,250.0,100,20,0.88209915,0.010082736,0.014312505722045898,-0.6808932144550748,-0.18388957223309887,0.0008873443662584564
2e-1,beta_grid_search_SP_INL_2e-1_p_200,200,300.0,100,20,0.8646651,0.015529344,0.021729156374931335,-0.7879196127991477,0.2828783550726648,0.0012706531430542029
2e-1,beta_grid_search_SP_INL_2e-1_p_200,200,350.0,100,20,0.8482358,0.023693588,0.018812507390975952,-1.4894019375340364,1.6475095340637305,3.2703104615430194e-09
2e-1,beta_grid_search_SP_INL_2e-1_p_200,200,400.0,100,20,0.8325116,0.024442406,0.02177080512046814,-1.4555719515650203,2.66708039691577,3.051743553242379e-07
2e-1,beta_grid_search_SP_INL_2e-1_p_200,200,450.0,100,20,0.80999833,0.03749224,0.03822915256023407,-2.2499181327453797,6.352113290153625,9.011720802331654e-11
2e-1,beta_grid_search_SP_INL_2e-1_p_200,200,500.0,100,20,0.7979916,0.023437893,0.02677081525325775,-0.46750369654545537,0.17143702562009588,0.09818914622715293
2e-1,beta_grid_search_SP_INL_2e-1_p_200,200,550.0,100,20,0.77681005,0.031537443,0.04227082431316376,-0.5615348698042925,0.03312799285715107,0.010047091033359358
2e-1,beta_grid_search_SP_INL_2e-1_p_200,200,600.0,100,20,0.7620716,0.037046608,0.043729156255722046,-0.7798766699326676,0.5359464690301237,0.002284203444738093
2e-1,beta_grid_search_SP_INL_2e-1_p_200,200,650.0,100,20,0.7432468,0.04433014,0.039124950766563416,-1.8412660038546342,5.042257628729509,1.756245619347287e-08
2e-1,beta_grid_search_SP_INL_2e-1_p_200,200,700.0,100,20,0.73065245,0.047721356,0.05527085065841675,-0.7056453912242496,0.0015359004397899056,0.0015387630134082193
2e-1,beta_grid_search_SP_INL_2e-1_p_200,200,750.0,100,20,0.72111666,0.04054133,0.057812511920928955,-0.5634995363065989,0.14231543312734374,0.061367578572104765
2e-1,beta_grid_search_SP_INL_2e-1_p_200,200,800.0,100,20,0.7144425,0.045150924,0.059145793318748474,-0.8550563984516412,0.8399189309552635,0.0008784207830867609
2e-1,beta_grid_search_SP_INL_2e-1_p_200,200,850.0,100,20,0.6957733,0.05889823,0.07618753612041473,-1.2726029198893127,2.4783109570183406,9.864469476925118e-06
2e-1,beta_grid_search_SP_INL_2e-1_p_200,200,900.0,100,20,0.68219495,0.053334955,0.07383333146572113,-0.7196144258373668,0.2799884087944742,0.0026876268072473617
2e-1,beta_grid_search_SP_INL_2e-1_p_200,200,950.0,100,20,0.6839825,0.056063514,0.07120831310749054,-0.9514439160551753,0.7784228890946197,0.0001155592668759355
2e-1,beta_grid_search_SP_INL_2e-1_p_200,200,1000.0,100,20,0.67562413,0.050629694,0.057062506675720215,-1.3537573255556932,3.5262909168888052,9.202941492513152e-06
2e-1,beta_grid_search_SP_INL_2e-1_p_200,200,1050.0,100,20,0.67108154,0.062420145,0.08749997615814209,-1.0525810891540328,0.8682631734354027,1.0722117502799264e-05
2e-1,beta_grid_search_SP_INL_2e-1_p_200,200,1100.0,100,20,0.6676775,0.05494999,0.0664791613817215,-1.1322879220181399,1.5400580551445682,3.2921665857959365e-05
2e-1,beta_grid_search_SP_INL_2e-1_p_200,200,1150.0,100,20,0.6649458,0.051018506,0.07360418140888214,-0.6787185047163151,0.17228477172075474,0.004576079350039305
2e-1,beta_grid_search_SP_INL_2e-1_p_200,200,1200.0,100,20,0.65594,0.053401485,0.0819375067949295,-0.5867282893077521,0.12218277558794854,0.027313675538645228
2e-1,beta_grid_search_SP_INL_2e-1_p_200,200,1250.0,100,20,0.6519467,0.055405874,0.07089583575725555,-0.6792713238497919,0.2621248404361527,0.009407877630932251
2e-1,beta_grid_search_SP_INL_2e-1_p_200,200,1300.0,100,20,0.6472933,0.061595503,0.07716666162014008,-0.9987229052735914,1.62246285627337,0.00038749520203768494
2e-1,beta_grid_search_SP_INL_2e-1_p_200,200,1350.0,100,20,0.64523417,0.054440364,0.056437477469444275,-1.2078310824921037,1.6159544296415875,6.301032546310197e-06
2e-1,beta_grid_search_SP_INL_2e-1_p_200,200,1400.0,100,20,0.6424708,0.05784916,0.07362499833106995,-1.06011745542769,1.119966165661312,2.8749254551653565e-05
2e-1,beta_grid_search_SP_INL_2e-1_p_200,200,1450.0,100,20,0.6338283,0.06666123,0.07456247508525848,-1.2937569324720866,2.118248701590714,2.273866467011027e-06
2e-1,beta_grid_search_SP_INL_2e-1_p_200,200,1500.0,100,20,0.6364983,0.05379782,0.07664583623409271,-0.5806284968257444,0.20894878637606684,0.023932640290006958
2e-1,beta_grid_search_SP_INL_2e-1_p_200,200,1550.0,100,20,0.6300883,0.05495423,0.06889587640762329,-0.5657046746984583,0.6044754355908308,0.0856757208202912
2e-1,beta_grid_search_SP_INL_2e-1_p_200,200,1600.0,100,20,0.62535834,0.06352795,0.07972918450832367,-0.7888247284021102,1.2283295305948183,0.009500312530162617
2e-1,beta_grid_search_SP_INL_2e-1_p_200,200,1650.0,100,20,0.6336283,0.055118933,0.06593747437000275,-0.3670768000113403,-0.11353236282788082,0.31735869020192115
2e-1,beta_grid_search_SP_INL_2e-1_p_200,200,1700.0,100,20,0.6221975,0.06165719,0.08954165875911713,-0.598289858418825,-0.292208375134996,0.003825528986080918
2e-1,beta_grid_search_SP_INL_2e-1_p_200,200,1750.0,100,20,0.619865,0.067421645,0.06735418736934662,-1.032106932489305,1.8777663303620846,0.0002896322022036122
2e-1,beta_grid_search_SP_INL_2e-1_p_200,200,1800.0,100,20,0.6224725,0.058590434,0.08106251060962677,-0.4892851225506117,-0.23675529518565908,0.06036516285521402
2e-1,beta_grid_search_SP_INL_2e-1_p_200,200,1850.0,100,20,0.621345,0.05985749,0.07229164242744446,-0.9355166826379209,0.7675986994951631,0.0002678124893839231
2e-1,beta_grid_search_SP_INL_2e-1_p_200,200,1900.0,100,20,0.61742,0.058199167,0.0742291510105133,-0.6290779029960375,0.31251925060648933,0.021639169676990738
2e-1,beta_grid_search_SP_INL_2e-1_p_200,200,1950.0,100,20,0.60938334,0.066494316,0.08793748915195465,-0.9726408756732274,1.5001643026423261,0.00014950814532137255
2e-1,beta_grid_search_SP_INL_2e-1_p_50,50,1.0,100,20,0.64490587,0.008856069,0.011770814657211304,-0.24259246851947724,0.17448468009377072,0.609991753003557
2e-1,beta_grid_search_SP_INL_2e-1_p_50,50,50.0,100,20,0.82633674,0.008193436,0.010958313941955566,-1.0474366361418979,1.5319497600953866,0.0001314450746177446
2e-1,beta_grid_search_SP_INL_2e-1_p_50,50,100.0,100,20,0.8478983,0.009306709,0.009854182600975037,-0.5630196142481185,0.4337040471796487,0.04805472811760638
2e-1,beta_grid_search_SP_INL_2e-1_p_50,50,150.0,100,20,0.8434492,0.010207321,0.015208333730697632,-0.03868081684631816,-0.4238070486526664,0.32803729718342145
2e-1,beta_grid_search_SP_INL_2e-1_p_50,50,200.0,100,20,0.8191318,0.01281157,0.017249971628189087,0.23313431160741713,0.16824698086956458,0.29976599141777494
2e-1,beta_grid_search_SP_INL_2e-1_p_50,50,250.0,100,20,0.6578884,0.16282947,0.3141249716281891,-0.20892828764232926,-1.7513028839438407,1.531461615293714e-10
2e-1,beta_grid_search_SP_INL_2e-1_p_50,50,300.0,100,20,0.480505,0.102291636,0.09216667711734772,1.8110272424496054,3.6365503369913004,4.2163216749529397e-10
2e-1,beta_grid_search_SP_INL_2e-1_p_50,50,350.0,100,20,0.42132416,0.05843175,0.08927083760499954,0.16169299862283226,-0.25619394117117444,0.20240293278751242
2e-1,beta_grid_search_SP_INL_2e-1_p_50,50,400.0,100,20,0.4159208,0.061372627,0.08352082967758179,0.13232274431406843,-0.26699296097396585,0.7992486659778784
2e-1,beta_grid_search_SP_INL_2e-1_p_50,50,450.0,100,20,0.3939542,0.064446054,0.07387500256299973,0.38651942086576835,0.5589745032829674,0.2833858228556926
2e-1,beta_grid_search_SP_INL_2e-1_p_50,50,500.0,100,20,0.36865163,0.06232051,0.07789583504199982,0.34970371304794096,0.45172941333945804,0.2591722885749665
2e-1,beta_grid_search_SP_INL_2e-1_p_50,50,550.0,100,20,0.36351168,0.06936368,0.07535415887832642,0.4488152933634068,0.846456363500125,0.07964570050402855
2e-1,beta_grid_search_SP_INL_2e-1_p_50,50,600.0,100,20,0.35408333,0.06471928,0.10456249117851257,0.06844723402067404,-0.8792268673151518,0.07468378180686282
2e-1,beta_grid_search_SP_INL_2e-1_p_50,50,650.0,100,20,0.35914,0.06749254,0.085833340883255,-0.04070469310726527,-0.2728951192586857,0.9892661063096999
2e-1,beta_grid_search_SP_INL_2e-1_p_50,50,700.0,100,20,0.3542025,0.07252042,0.09910417348146439,-0.09861335637695516,-0.23927469894643671,0.5171175976026059
2e-1,beta_grid_search_SP_INL_2e-1_p_50,50,750.0,100,20,0.3509983,0.073401265,0.0911874920129776,-0.06679666948706778,-0.11860414026279908,0.7593082912213835
2e-1,beta_grid_search_SP_INL_2e-1_p_50,50,800.0,100,20,0.3454475,0.07127147,0.09910418093204498,-0.09164005677636052,0.021571343056213887,0.7287878989426358
2e-1,beta_grid_search_SP_INL_2e-1_p_50,50,850.0,100,20,0.3518558,0.07024367,0.08749999850988388,-0.46379116738847237,-0.07105318816507777,0.049689934570192634
2e-1,beta_grid_search_SP_INL_2e-1_p_50,50,900.0,100,20,0.35924834,0.075589195,0.1041874960064888,0.04305197180501363,-0.3594363385762662,0.8299945080492723
2e-1,beta_grid_search_SP_INL_2e-1_p_50,50,950.0,100,20,0.3563325,0.06780817,0.08106248825788498,-0.14704414531806034,0.07867978061681002,0.8967413804333795
2e-1,beta_grid_search_SP_INL_2e-1_p_50,50,1000.0,100,20,0.35415336,0.064312935,0.08385416865348816,-0.2312902101782602,-0.38996181662498897,0.2786178160447592
2e-1,beta_grid_search_SP_INL_2e-1_p_50,50,1050.0,100,20,0.35439166,0.06853866,0.10633333027362823,0.12054769752814458,-0.44590012325775463,0.6230590368649185
2e-1,beta_grid_search_SP_INL_2e-1_p_50,50,1100.0,100,20,0.3355233,0.07937606,0.08875000476837158,-0.29996128101242303,0.6163846377217919,0.2774599533696541
2e-1,beta_grid_search_SP_INL_2e-1_p_50,50,1150.0,100,20,0.34681416,0.08185525,0.10072917491197586,0.04704188859912375,0.4249648806935089,0.8488287593433692
2e-1,beta_grid_search_SP_INL_2e-1_p_50,50,1200.0,100,20,0.35913333,0.08242343,0.117229163646698,0.1330874060644281,-0.4904681975082963,0.7079463477403147
2e-1,beta_grid_search_SP_INL_2e-1_p_50,50,1250.0,100,20,0.35329583,0.07445908,0.11604166030883789,0.11910273133103323,-0.0759652743000987,0.7103054002641728
2e-1,beta_grid_search_SP_INL_2e-1_p_50,50,1300.0,100,20,0.35705417,0.082004346,0.12064585089683533,-0.057854900609612306,-0.5475281330272086,0.6649399979827281
2e-1,beta_grid_search_SP_INL_2e-1_p_50,50,1350.0,100,20,0.34623164,0.08692648,0.12420833855867386,0.07334397029230383,-0.5620051748083013,0.35795054597426945
2e-1,beta_grid_search_SP_INL_2e-1_p_50,50,1400.0,100,20,0.3450875,0.0884343,0.13310416042804718,-0.02911696731967987,-0.8184198702168026,0.176465185055457
2e-1,beta_grid_search_SP_INL_2e-1_p_50,50,1450.0,100,20,0.3282908,0.08433832,0.1197916641831398,-0.0772476382039276,-0.4633298749530175,0.5495172536600466
2e-1,beta_grid_search_SP_INL_2e-1_p_50,50,1500.0,100,20,0.33353165,0.08134205,0.11133334785699844,-0.31007370510969223,-0.28639472257753784,0.49284105572964476
2e-1,beta_grid_search_SP_INL_2e-1_p_50,50,1550.0,100,20,0.32754922,0.081520915,0.11135417222976685,0.09462446672585481,-0.29555169713454,0.9723184560050689
2e-1,beta_grid_search_SP_INL_2e-1_p_50,50,1600.0,100,20,0.32552,0.08950722,0.10724999755620956,-0.0038851804541404794,-0.3537268310130668,0.6964880060425545
2e-1,beta_grid_search_SP_INL_2e-1_p_50,50,1650.0,100,20,0.32412001,0.086903565,0.11883331835269928,0.13636383776338068,-0.463903770987085,0.3888369142877825
2e-1,beta_grid_search_SP_INL_2e-1_p_50,50,1700.0,100,20,0.32825834,0.07992623,0.10604166239500046,0.21458714530322673,-0.11224818095558753,0.30008824642155785
2e-1,beta_grid_search_SP_INL_2e-1_p_50,50,1750.0,100,20,0.30850667,0.08210761,0.11068751662969589,0.25265574456019974,-0.3277182041043907,0.5098163857952246
2e-1,beta_grid_search_SP_INL_2e-1_p_50,50,1800.0,100,20,0.32174918,0.08998854,0.11687500774860382,0.17835455563469438,-0.651840066784029,0.07441776735362204
2e-1,beta_grid_search_SP_INL_2e-1_p_50,50,1850.0,100,20,0.31962752,0.095225774,0.1352916732430458,0.27728299178272237,-0.42737968795475956,0.4349283286406839
2e-1,beta_grid_search_SP_INL_2e-1_p_50,50,1900.0,100,20,0.3261175,0.087742016,0.11922916024923325,0.4870239072412516,-0.24821591798217835,0.03634562546702102
2e-1,beta_grid_search_SP_INL_2e-1_p_50,50,1950.0,100,20,0.31605917,0.088927284,0.11602084338665009,0.07393784422934964,0.1903129761267186,0.9185010775962286
4.82e-6,beta_grid_search_SP_INL_4.82e-6_p_100,100,1.0,100,20,0.6457675,0.005164618,0.007937520742416382,-0.086706894079515,0.3263415023849374,0.358748042024729
4.82e-6,beta_grid_search_SP_INL_4.82e-6_p_100,100,50.0,100,20,0.83001745,0.0033589995,0.004687473177909851,-0.13672859481647612,-0.27313670240200594,0.8807063356359585
4.82e-6,beta_grid_search_SP_INL_4.82e-6_p_100,100,100.0,100,20,0.875345,0.0029252023,0.004499971866607666,0.24459714902440396,-0.12412602758441249,0.7468716287220587
4.82e-6,beta_grid_search_SP_INL_4.82e-6_p_100,100,150.0,100,20,0.89439654,0.0027696353,0.0040833353996276855,0.009434221292951631,-0.3455466440409882,0.32130500505277787
4.82e-6,beta_grid_search_SP_INL_4.82e-6_p_100,100,200.0,100,20,0.90376,0.0027768984,0.003833293914794922,-0.1620436821440063,-0.025298368901218282,0.8817714842071902
4.82e-6,beta_grid_search_SP_INL_4.82e-6_p_100,100,250.0,100,20,0.90852255,0.0025796744,0.003187507390975952,-0.14646607232008738,0.17405344750420904,0.7538899460693982
4.82e-6,beta_grid_search_SP_INL_4.82e-6_p_100,100,300.0,100,20,0.911,0.002635392,0.0032708346843719482,-0.2848817441125296,-0.15856160107867812,0.24331701270512207
4.82e-6,beta_grid_search_SP_INL_4.82e-6_p_100,100,350.0,100,20,0.9126366,0.0025986827,0.003583371639251709,0.15824411659558998,-0.33316065313385534,0.6129734753632582
4.82e-6,beta_grid_search_SP_INL_4.82e-6_p_100,100,400.0,100,20,0.91318995,0.0030305502,0.0033958405256271362,-0.09852384261011486,0.2883631642879463,0.2840112750886216
4.82e-6,beta_grid_search_SP_INL_4.82e-6_p_100,100,450.0,100,20,0.91313505,0.0027034956,0.002541661262512207,0.26314470651035166,-0.009435352487273452,0.13859597277858599
4.82e-6,beta_grid_search_SP_INL_4.82e-6_p_100,100,500.0,100,20,0.9131058,0.0035490582,0.004791676998138428,-0.44529315164133065,-0.32507350820235503,0.039734537092872474
4.82e-6,beta_grid_search_SP_INL_4.82e-6_p_100,100,550.0,100,20,0.9124459,0.003859166,0.0045416951179504395,-0.3617433407116291,0.9864353648844659,0.059203190564269106
4.82e-6,beta_grid_search_SP_INL_4.82e-6_p_100,100,600.0,100,20,0.91143084,0.0040902947,0.005083337426185608,-0.645611421081453,0.5229136517240671,0.010810596975857643
4.82e-6,beta_grid_search_SP_INL_4.82e-6_p_100,100,650.0,100,20,0.9103359,0.00474141,0.006312474608421326,-0.4725938450575369,-0.10113467625313488,0.039323968143779996
4.82e-6,beta_grid_search_SP_INL_4.82e-6_p_100,100,700.0,100,20,0.9065424,0.0057974774,0.00668749213218689,-0.5277705285262427,0.31011081223612535,0.018927111490430703
4.82e-6,beta_grid_search_SP_INL_4.82e-6_p_100,100,750.0,100,20,0.9024174,0.0060864687,0.009750023484230042,-0.23251823837089017,-0.49592518322752577,0.1910672406010095
4.82e-6,beta_grid_search_SP_INL_4.82e-6_p_100,100,800.0,100,20,0.89679575,0.007808205,0.00997917354106903,-0.5955777497518905,0.055752880956815076,0.014611181659284772
4.82e-6,beta_grid_search_SP_INL_4.82e-6_p_100,100,850.0,100,20,0.8905809,0.009586693,0.014083340764045715,-0.31637075603120385,-0.6775659144527704,0.05258123605347537
4.82e-6,beta_grid_search_SP_INL_4.82e-6_p_100,100,900.0,100,20,0.8837942,0.009489668,0.0129375159740448,-0.18435822902024232,-0.6521252028165638,0.10293259520589676
4.82e-6,beta_grid_search_SP_INL_4.82e-6_p_100,100,950.0,100,20,0.87702405,0.009003852,0.013041675090789795,-0.2099151158224185,-0.47355914163121016,0.46944506868405633
4.82e-6,beta_grid_search_SP_INL_4.82e-6_p_100,100,1000.0,100,20,0.87065583,0.0096913045,0.01377086341381073,-0.21162812739067433,-0.21796317608348037,0.5143489848685434
4.82e-6,beta_grid_search_SP_INL_4.82e-6_p_100,100,1050.0,100,20,0.86509925,0.011405135,0.016520828008651733,-0.3533540618766482,-0.15238569451009587,0.18641448589713078
4.82e-6,beta_grid_search_SP_INL_4.82e-6_p_100,100,1100.0,100,20,0.85853004,0.012095289,0.01693752408027649,-0.16135876941598695,-0.31948191778439217,0.8598736674956722
4.82e-6,beta_grid_search_SP_INL_4.82e-6_p_100,100,1150.0,100,20,0.8531691,0.013167671,0.020166710019111633,-0.10852514963586027,-0.7118036065982389,0.38963644119474744
4.82e-6,beta_grid_search_SP_INL_4.82e-6_p_100,100,1200.0,100,20,0.8461608,0.013567565,0.0209999680519104,-0.12123294511941855,-0.6261436043163715,0.4853641789428268
4.82e-6,beta_grid_search_SP_INL_4.82e-6_p_100,100,1250.0,100,20,0.8396675,0.013575347,0.02237500250339508,-0.29105070209915784,-0.9124875792827294,0.005054577128204558
4.82e-6,beta_grid_search_SP_INL_4.82e-6_p_100,100,1300.0,100,20,0.8342974,0.016202973,0.026458337903022766,-0.13483642399659046,-0.8942033651073138,0.05234902551125869
4.82e-6,beta_grid_search_SP_INL_4.82e-6_p_100,100,1350.0,100,20,0.8245192,0.01809936,0.028666645288467407,-0.033748060958409216,-0.5155600152946955,0.4234272866846324
4.82e-6,beta_grid_search_SP_INL_4.82e-6_p_100,100,1400.0,100,20,0.8190334,0.019240774,0.029395848512649536,-0.4557476862729425,-0.3330538542376722,0.05023250014320867
4.82e-6,beta_grid_search_SP_INL_4.82e-6_p_100,100,1450.0,100,20,0.81255835,0.020901525,0.03468753397464752,-0.06889756491432036,-0.7045853790541678,0.2636136659166325
4.82e-6,beta_grid_search_SP_INL_4.82e-6_p_100,100,1500.0,100,20,0.80599916,0.020047499,0.029708340764045715,-0.14086758777501704,-0.46521934058767567,0.5874931861623951
4.82e-6,beta_grid_search_SP_INL_4.82e-6_p_100,100,1550.0,100,20,0.7994275,0.022248305,0.03349997103214264,-0.05647980283080661,-0.48020052937952773,0.6870343299103558
4.82e-6,beta_grid_search_SP_INL_4.82e-6_p_100,100,1600.0,100,20,0.7922358,0.02292615,0.03156250715255737,-0.3166003496194066,-0.23449706047416363,0.34815994698589137
4.82e-6,beta_grid_search_SP_INL_4.82e-6_p_100,100,1650.0,100,20,0.78723997,0.023276916,0.03481251001358032,-0.10551966506810324,-0.6393122975309105,0.4576937212243175
4.82e-6,beta_grid_search_SP_INL_4.82e-6_p_100,100,1700.0,100,20,0.78131086,0.022023505,0.026958316564559937,-0.3209004264416905,-0.2591895463773186,0.19268818093795997
4.82e-6,beta_grid_search_SP_INL_4.82e-6_p_100,100,1750.0,100,20,0.77852416,0.02464403,0.03187499940395355,-0.017204834931326803,-0.0638974925980551,0.47506989462525767
4.82e-6,beta_grid_search_SP_INL_4.82e-6_p_100,100,1800.0,100,20,0.7719275,0.025543857,0.03418754041194916,0.13452248944687512,0.2413625790425593,0.3882536197415823
4.82e-6,beta_grid_search_SP_INL_4.82e-6_p_100,100,1850.0,100,20,0.76477844,0.025515554,0.038229167461395264,-0.09876322979128724,-0.4715502069456048,0.49839429563320803
4.82e-6,beta_grid_search_SP_INL_4.82e-6_p_100,100,1900.0,100,20,0.76008916,0.022913989,0.02916666865348816,-0.3035549536313075,-0.1277066989768083,0.5056459217353888
4.82e-6,beta_grid_search_SP_INL_4.82e-6_p_100,100,1950.0,100,20,0.7575392,0.026567306,0.029291659593582153,-0.06215953860843816,-0.07682101455682311,0.717898178975254
4.82e-6,beta_grid_search_SP_INL_4.82e-6_p_200,200,1.0,100,20,0.64608,0.0050409213,0.007666662335395813,-0.026185003236191214,0.23664983031557751,0.6851632579217614
4.82e-6,beta_grid_search_SP_INL_4.82e-6_p_200,200,50.0,100,20,0.8307933,0.0032269536,0.004437476396560669,-0.05273615214889387,-0.13806829826136813,0.8503332078793494
4.82e-6,beta_grid_search_SP_INL_4.82e-6_p_200,200,100.0,100,20,0.8760359,0.0028436452,0.0037916898727416992,0.10197819769911526,0.013695533886338485,0.8747122960878349
4.82e-6,beta_grid_search_SP_INL_4.82e-6_p_200,200,150.0,100,20,0.89555,0.00260813,0.0035833120346069336,-0.08206342586702557,0.005860546083621632,0.5213187362846512
4.82e-6,beta_grid_search_SP_INL_4.82e-6_p_200,200,200.0,100,20,0.9050125,0.0025534786,0.003541707992553711,0.03978514383513927,-0.03215697829451569,0.8924488652192963
4.82e-6,beta_grid_search_SP_INL_4.82e-6_p_200,200,250.0,100,20,0.9100149,0.0023988648,0.0029583126306533813,0.19355042937773376,-0.10565080184805264,0.7636831096572663
4.82e-6,beta_grid_search_SP_INL_4.82e-6_p_200,200,300.0,100,20,0.9129509,0.0023333963,0.0027917027473449707,0.09164254157314423,0.332486671586238,0.7176761134067478
4.82e-6,beta_grid_search_SP_INL_4.82e-6_p_200,200,350.0,100,20,0.9146916,0.002302512,0.00247916579246521,0.05285632245694038,0.18532189109031005,0.6751751158670902
4.82e-6,beta_grid_search_SP_INL_4.82e-6_p_200,200,400.0,100,20,0.915765,0.002287989,0.0028124749660491943,0.10993468120012588,0.08636595456020757,0.7453668195254687
4.82e-6,beta_grid_search_SP_INL_4.82e-6_p_200,200,450.0,100,20,0.916345,0.002363146,0.002895861864089966,0.008292624888482703,0.15495862944545324,0.7680346217957453
4.82e-6,beta_grid_search_SP_INL_4.82e-6_p_200,200,500.0,100,20,0.9167649,0.0023060397,0.0027708113193511963,-0.022890876484332162,-0.006218269031179169,0.7285721912294532
4.82e-6,beta_grid_search_SP_INL_4.82e-6_p_200,200,550.0,100,20,0.9171142,0.0024231053,0.003208339214324951,-0.03637233597513724,-0.08954752107822905,0.9311836215242535
4.82e-6,beta_grid_search_SP_INL_4.82e-6_p_200,200,600.0,100,20,0.9172308,0.0026038957,0.003937512636184692,-0.011752598624175426,-0.29029324344093954,0.8351456721957797
4.82e-6,beta_grid_search_SP_INL_4.82e-6_p_200,200,650.0,100,20,0.9171425,0.0026285236,0.003104180097579956,-0.11613099170837811,0.339541105005122,0.4494772193509135
4.82e-6,beta_grid_search_SP_INL_4.82e-6_p_200,200,700.0,100,20,0.9172541,0.0026066047,0.0029374659061431885,0.10384484914107597,0.19069817399806333,0.14357843637051337
4.82e-6,beta_grid_search_SP_INL_4.82e-6_p_200,200,750.0,100,20,0.91696244,0.002635243,0.00322917103767395,-0.28686921695721346,0.7976523824456025,0.2274772616676463
4.82e-6,beta_grid_search_SP_INL_4.82e-6_p_200,200,800.0,100,20,0.9169484,0.0025630875,0.0033124983310699463,-0.03165098112941493,-0.09057800201134691,0.9921905626725379
4.82e-6,beta_grid_search_SP_INL_4.82e-6_p_200,200,850.0,100,20,0.9167041,0.0027910885,0.0035208165645599365,-0.2633102808090518,0.5945197748068352,0.5495528464615586
4.82e-6,beta_grid_search_SP_INL_4.82e-6_p_200,200,900.0,100,20,0.91647166,0.0030792083,0.0034374892711639404,-0.35005025484528823,0.8497766447286836,0.23998697130828728
4.82e-6,beta_grid_search_SP_INL_4.82e-6_p_200,200,950.0,100,20,0.9160091,0.0032306986,0.0041875094175338745,-0.588327811515956,1.6284970893378627,0.05482768898778301
4.82e-6,beta_grid_search_SP_INL_4.82e-6_p_200,200,1000.0,100,20,0.9157824,0.0030846843,0.0033333301544189453,-0.5991859073405393,0.7429607716107385,0.031680851424773705
4.82e-6,beta_grid_search_SP_INL_4.82e-6_p_200,200,1050.0,100,20,0.9155233,0.0028240613,0.0035624951124191284,-0.30558308657848465,0.007377086863757931,0.7086802151912382
4.82e-6,beta_grid_search_SP_INL_4.82e-6_p_200,200,1100.0,100,20,0.91488177,0.0033043385,0.0040833353996276855,-0.514216829580928,1.7901726299743324,0.02565420808809729
4.82e-6,beta_grid_search_SP_INL_4.82e-6_p_200,200,1150.0,100,20,0.9144409,0.003875325,0.004020795226097107,-0.6319439984866906,0.8354384166628948,0.008323955082878762
4.82e-6,beta_grid_search_SP_INL_4.82e-6_p_200,200,1200.0,100,20,0.91408247,0.003519415,0.005479186773300171,-0.202952408756659,-0.6706619273595131,0.2129030524506343
4.82e-6,beta_grid_search_SP_INL_4.82e-6_p_200,200,1250.0,100,20,0.91434073,0.0035569966,0.004374995827674866,-0.7455704814456484,1.3261139766454288,0.00928214174490206
4.82e-6,beta_grid_search_SP_INL_4.82e-6_p_200,200,1300.0,100,20,0.91316843,0.004269161,0.00550001859664917,-0.4717930843438538,0.4285251795856464,0.25337762553231125
4.82e-6,beta_grid_search_SP_INL_4.82e-6_p_200,200,1350.0,100,20,0.9130242,0.004252089,0.005312487483024597,-0.39857477239400113,0.05499257022214721,0.17455475185824498
4.82e-6,beta_grid_search_SP_INL_4.82e-6_p_200,200,1400.0,100,20,0.91167086,0.00477201,0.006645828485488892,-0.4786499120306344,-0.440169290334528,0.01108605890824738
4.82e-6,beta_grid_search_SP_INL_4.82e-6_p_200,200,1450.0,100,20,0.9116775,0.0047109416,0.007708311080932617,-0.3646129692542062,-0.41740982128346005,0.11900254330262505
4.82e-6,beta_grid_search_SP_INL_4.82e-6_p_200,200,1500.0,100,20,0.91044253,0.005011599,0.007437512278556824,-0.418508418898507,-0.5744915823279375,0.021659617005587307
4.82e-6,beta_grid_search_SP_INL_4.82e-6_p_200,200,1550.0,100,20,0.9094467,0.005485141,0.006291687488555908,-0.2576838172447953,0.15322326594212576,0.5380967674294062
4.82e-6,beta_grid_search_SP_INL_4.82e-6_p_200,200,1600.0,100,20,0.9063192,0.006461198,0.008791685104370117,-0.4276500668774253,-0.22577949835913236,0.13802937727624592
4.82e-6,beta_grid_search_SP_INL_4.82e-6_p_200,200,1650.0,100,20,0.9040959,0.0070796697,0.009583309292793274,-0.671380539889349,0.7846254556633809,0.02888545022664588
4.82e-6,beta_grid_search_SP_INL_4.82e-6_p_200,200,1700.0,100,20,0.9020917,0.0079799695,0.0090416818857193,-0.8490099791808485,0.5794138591064155,0.00047521592795856293
4.82e-6,beta_grid_search_SP_INL_4.82e-6_p_200,200,1750.0,100,20,0.8964949,0.009065935,0.011208310723304749,-0.2812077865147984,-0.17991124951235715,0.5784714601664098
4.82e-6,beta_grid_search_SP_INL_4.82e-6_p_200,200,1800.0,100,20,0.8921825,0.008811178,0.01247917115688324,-0.42015076955566283,-0.41583685922225255,0.05253413496745108
4.82e-6,beta_grid_search_SP_INL_4.82e-6_p_200,200,1850.0,100,20,0.8896326,0.008240504,0.011895865201950073,-0.2726636323148116,-0.44961864222622694,0.3295427183183282
4.82e-6,beta_grid_search_SP_INL_4.82e-6_p_200,200,1900.0,100,20,0.88549995,0.010128621,0.015249982476234436,-0.08702847459294422,-0.6774545970554788,0.5163951924806527
4.82e-6,beta_grid_search_SP_INL_4.82e-6_p_200,200,1950.0,100,20,0.88364416,0.0104873525,0.014791667461395264,-0.07974245485936665,-0.312072672560713,0.9294389934164795
4.82e-6,beta_grid_search_SP_INL_4.82e-6_p_50,50,1.0,100,20,0.64526755,0.0052486486,0.008270829916000366,-0.18770481946218218,0.2646033589783787,0.25552768781517854
4.82e-6,beta_grid_search_SP_INL_4.82e-6_p_50,50,50.0,100,20,0.82846755,0.0034298094,0.004854172468185425,-0.14908375742461816,-0.5490236719303145,0.34665350255657024
4.82e-6,beta_grid_search_SP_INL_4.82e-6_p_50,50,100.0,100,20,0.87318087,0.0034308743,0.004708349704742432,0.03284690411463699,-0.30021546333660387,0.9082381455828122
4.82e-6,beta_grid_search_SP_INL_4.82e-6_p_50,50,150.0,100,20,0.8894191,0.0037884852,0.004270836710929871,-0.26552050454300036,0.04567182830533856,0.34620295688951486
4.82e-6,beta_grid_search_SP_INL_4.82e-6_p_50,50,200.0,100,20,0.8961917,0.0038538575,0.004354149103164673,-0.08385204045374772,-0.24231648180260734,0.39624223664026814
4.82e-6,beta_grid_search_SP_INL_4.82e-6_p_50,50,250.0,100,20,0.89698845,0.004248604,0.005895838141441345,-0.21650513120984438,-0.42918965842279455,0.5181752255721609
4.82e-6,beta_grid_search_SP_INL_4.82e-6_p_50,50,300.0,100,20,0.89139175,0.0051454785,0.007041648030281067,-0.030509927505504617,-0.4855288711725345,0.5275856955516314
4.82e-6,beta_grid_search_SP_INL_4.82e-6_p_50,50,350.0,100,20,0.8826967,0.00726307,0.011229187250137329,-0.16245934767664144,-0.5199003315433641,0.5253525980361291
4.82e-6,beta_grid_search_SP_INL_4.82e-6_p_50,50,400.0,100,20,0.8725725,0.009411407,0.012854143977165222,-0.18676042971419868,-0.17243374303776315,0.3218170572674761
4.82e-6,beta_grid_search_SP_INL_4.82e-6_p_50,50,450.0,100,20,0.86440414,0.010846362,0.013270825147628784,-0.2248993949479679,-0.03445178803035409,0.5726392823435735
4.82e-6,beta_grid_search_SP_INL_4.82e-6_p_50,50,500.0,100,20,0.85289496,0.012246723,0.013833299279212952,0.1703058752182624,0.30100323621545755,0.6752564665352817
4.82e-6,beta_grid_search_SP_INL_4.82e-6_p_50,50,550.0,100,20,0.8375058,0.014240495,0.01735420525074005,-0.20396049042184572,-0.006357891776108016,0.6551858796453173
4.82e-6,beta_grid_search_SP_INL_4.82e-6_p_50,50,600.0,100,20,0.8205567,0.014816363,0.02066667377948761,0.032007928429277625,-0.17292379782467293,0.8738696180594079
4.82e-6,beta_grid_search_SP_INL_4.82e-6_p_50,50,650.0,100,20,0.8062417,0.018029997,0.02385413646697998,0.24857002923866536,0.17939793853711805,0.4894383545712939
4.82e-6,beta_grid_search_SP_INL_4.82e-6_p_50,50,700.0,100,20,0.79266334,0.022358797,0.032687485218048096,-0.00794206469559831,-0.4128031842817963,0.7937366135608862
4.82e-6,beta_grid_search_SP_INL_4.82e-6_p_50,50,750.0,100,20,0.7797776,0.023384938,0.032187506556510925,-0.06872292900797108,-0.689565872105331,0.31106861357772947
4.82e-6,beta_grid_search_SP_INL_4.82e-6_p_50,50,800.0,100,20,0.7645733,0.024697648,0.03127084672451019,-0.3351363101835054,0.038636985658509815,0.46665516396003726
4.82e-6,beta_grid_search_SP_INL_4.82e-6_p_50,50,850.0,100,20,0.75342584,0.024507917,0.029208317399024963,0.053051403603388024,0.16329710919235785,0.48826377733507614
4.82e-6,beta_grid_search_SP_INL_4.82e-6_p_50,50,900.0,100,20,0.74334913,0.027594768,0.03733333945274353,-0.003188680078122017,0.010665942946900042,0.719741642036756
4.82e-6,beta_grid_search_SP_INL_4.82e-6_p_50,50,950.0,100,20,0.7297992,0.02565709,0.03129163384437561,-0.16008000874755818,-0.06686930419708537,0.891991755497948
4.82e-6,beta_grid_search_SP_INL_4.82e-6_p_50,50,1000.0,100,20,0.7219908,0.027431756,0.033416688442230225,-0.016764547949472252,-0.19047650364546342,0.42130075487103036
4.82e-6,beta_grid_search_SP_INL_4.82e-6_p_50,50,1050.0,100,20,0.71291167,0.02992824,0.03739583492279053,0.016606057165193266,-0.07244271762651255,0.4209502801498333
4.82e-6,beta_grid_search_SP_INL_4.82e-6_p_50,50,1100.0,100,20,0.70715743,0.030050874,0.03845831751823425,0.32626283724338423,0.14758215428935673,0.13243544065777046
4.82e-6,beta_grid_search_SP_INL_4.82e-6_p_50,50,1150.0,100,20,0.6989484,0.030712228,0.03964585065841675,0.31018637612454797,-0.1588697383860196,0.060007162791743694
4.82e-6,beta_grid_search_SP_INL_4.82e-6_p_50,50,1200.0,100,20,0.6908691,0.031059697,0.041250020265579224,0.24765435635215383,-0.4261091545011313,0.19403091852684573
4.82e-6,beta_grid_search_SP_INL_4.82e-6_p_50,50,1250.0,100,20,0.6839483,0.032271676,0.04727083444595337,0.23052006337050115,-0.35543873459272746,0.5129495097056842
4.82e-6,beta_grid_search_SP_INL_4.82e-6_p_50,50,1300.0,100,20,0.6792458,0.029974982,0.03704163432121277,0.01837255115648763,-0.09481703370899108,0.9669098902418124
4.82e-6,beta_grid_search_SP_INL_4.82e-6_p_50,50,1350.0,100,20,0.6779933,0.02888919,0.03420834243297577,-0.0403939606193819,-0.3373019753232902,0.7590606792255444
4.82e-6,beta_grid_search_SP_INL_4.82e-6_p_50,50,1400.0,100,20,0.67340827,0.032640938,0.046520814299583435,0.04293820905437094,-0.6882987327866044,0.3389495379040267
4.82e-6,beta_grid_search_SP_INL_4.82e-6_p_50,50,1450.0,100,20,0.67020494,0.031778183,0.049833327531814575,-0.10541447148985181,-0.5127843120393738,0.36453534191143744
4.82e-6,beta_grid_search_SP_INL_4.82e-6_p_50,50,1500.0,100,20,0.6635408,0.03169809,0.042791664600372314,-0.2563988074294572,-0.2967472179455437,0.25604534141169544
4.82e-6,beta_grid_search_SP_INL_4.82e-6_p_50,50,1550.0,100,20,0.6679058,0.034257878,0.04560418426990509,-0.1489750666222178,-0.41068573104097306,0.37994856761461826
4.82e-6,beta_grid_search_SP_INL_4.82e-6_p_50,50,1600.0,100,20,0.662735,0.031649586,0.03635413944721222,-0.379450162865132,0.09992319794194904,0.08003715810360745
4.82e-6,beta_grid_search_SP_INL_4.82e-6_p_50,50,1650.0,100,20,0.6608225,0.03527919,0.04633334279060364,-0.015021780789578413,-0.06078402410895967,0.9419019148568483
4.82e-6,beta_grid_search_SP_INL_4.82e-6_p_50,50,1700.0,100,20,0.65886253,0.034095652,0.048166677355766296,0.0622920803463835,-0.206576573861863,0.9319886705300197
4.82e-6,beta_grid_search_SP_INL_4.82e-6_p_50,50,1750.0,100,20,0.6557108,0.032679774,0.04277084767818451,-0.2895991604530897,-0.022206093837780383,0.6354766673977751
4.82e-6,beta_grid_search_SP_INL_4.82e-6_p_50,50,1800.0,100,20,0.65873086,0.038241807,0.05066666007041931,-0.3701534179749482,0.3358817845983175,0.5227253439602252
4.82e-6,beta_grid_search_SP_INL_4.82e-6_p_50,50,1850.0,100,20,0.64989334,0.033725876,0.04324997961521149,-0.07740288607711787,-0.21962284977467572,0.974500080650934
4.82e-6,beta_grid_search_SP_INL_4.82e-6_p_50,50,1900.0,100,20,0.6472408,0.039183274,0.05677080154418945,-0.15287774146873626,-0.6860802618705755,0.2160275222627091
4.82e-6,beta_grid_search_SP_INL_4.82e-6_p_50,50,1950.0,100,20,0.65268,0.035805754,0.055916666984558105,0.05039997836499913,-0.616133154758352,0.16983366568048808
